epoch,val_acc,train_loss
1,0.8425925925925926,1.6961572714793829
2,0.8685185185185185,0.8854213093901858
3,0.8703703703703703,0.7482438500280734
4,0.8981481481481481,0.6746360176139408
5,0.8851851851851852,0.6294373376501932
6,0.8944444444444445,0.5961510847012202
7,0.912962962962963,0.5740933821525103
8,0.9037037037037037,0.5609562655657898
9,0.9055555555555556,0.541440396691546
10,0.8888888888888888,0.5445627085956526
11,0.912962962962963,0.5429766881429119
12,0.8944444444444445,0.5408281256939158
