test_index,source,true,Q_a64_original,Q_a64_legacy,Q_a64_corrected,D_q8_original,D_q8_legacy,D_q8_corrected
44,MmCows,2,2,2,2,2,2,2
152,MmCows,1,5,5,5,4,4,4
367,MmCows,1,4,4,4,1,1,1
482,MmCows,1,1,1,1,1,1,1
498,MmCows,1,1,1,1,1,1,1
540,MmCows,1,1,1,1,1,1,1
733,MmCows,4,4,4,4,4,4,4
1051,MmCows,4,4,4,4,4,4,4
1487,MmCows,4,4,4,4,4,4,4
1713,MmCows,4,5,5,5,5,5,5
1798,MmCows,3,3,3,3,3,3,3
1868,MmCows,3,3,3,3,3,3,3
1898,MmCows,3,3,3,3,3,3,3
1917,MmCows,3,3,3,3,3,3,3
2350,MmCows,3,3,3,3,3,3,3
2490,MmCows,3,3,3,3,3,3,3
2503,MmCows,3,3,3,3,3,3,3
2548,MmCows,3,3,3,3,3,3,3
2707,MmCows,3,3,3,3,3,3,3
2732,MmCows,3,3,3,3,3,3,3
3086,MmCows,4,4,4,4,4,4,4
3111,MmCows,1,1,1,1,1,1,1
3490,MmCows,2,4,4,4,4,4,4
3641,MmCows,4,4,4,4,4,4,4
3653,MmCows,4,4,4,4,4,4,4
4068,MmCows,3,3,3,3,3,3,3
4127,MmCows,5,4,4,4,0,0,0
4195,MmCows,2,2,2,2,2,2,2
4284,MmCows,2,2,2,2,2,2,2
4376,MmCows,1,1,1,1,1,1,1
4429,MmCows,4,4,4,4,4,4,4
4552,MmCows,2,2,2,2,1,1,1
4581,MmCows,4,5,5,5,4,4,4
4638,MmCows,1,1,1,1,1,1,1
4694,MmCows,4,4,4,4,4,4,4
4771,MmCows,4,5,5,5,4,4,4
4792,MmCows,4,4,4,4,5,5,5
4930,MmCows,4,4,4,4,4,4,4
4952,MmCows,4,4,4,4,4,4,4
5002,MmCows,4,4,4,4,4,4,4
5292,MmCows,4,4,4,4,4,4,4
5413,MmCows,4,4,4,4,4,4,4
5497,MmCows,3,3,3,3,3,3,3
5542,MmCows,3,3,3,3,3,3,3
5604,MmCows,3,3,3,3,3,3,3
5880,MmCows,3,3,3,3,3,3,3
5961,MmCows,3,3,3,3,3,3,3
6099,MmCows,3,3,3,3,3,3,3
6203,MmCows,3,3,3,3,3,3,3
6297,MmCows,3,3,3,3,3,3,3
6436,MmCows,3,3,3,3,3,3,3
6668,MmCows,3,3,3,3,3,3,3
6715,MmCows,3,3,3,3,3,3,3
6783,MmCows,3,3,3,3,3,3,3
6805,MmCows,3,3,3,3,3,3,3
6870,MmCows,3,3,3,3,3,3,3
6893,MmCows,3,3,3,3,3,3,3
6956,MmCows,3,3,3,3,3,3,3
7039,MmCows,3,3,3,3,3,3,3
7117,MmCows,3,3,3,3,3,3,3
7450,MmCows,3,3,3,3,3,3,3
7553,MmCows,3,3,3,3,3,3,3
7764,MmCows,3,3,3,3,3,3,3
7979,MmCows,3,3,3,3,3,3,3
8243,MmCows,3,3,3,3,3,3,3
8258,MmCows,3,3,3,3,3,3,3
8443,MmCows,3,3,3,3,3,3,4
8478,MmCows,3,3,3,3,3,3,3
8549,MmCows,2,2,2,2,2,2,2
8705,MmCows,2,4,4,4,4,4,4
8802,MmCows,4,4,4,4,4,4,4
8828,MmCows,2,5,5,5,5,5,5
8918,MmCows,2,2,2,2,2,2,2
8944,MmCows,2,5,5,5,5,5,5
8999,MmCows,1,4,4,4,4,4,4
9051,MmCows,2,2,2,2,2,2,2
9060,MmCows,1,1,1,1,2,2,1
9113,MmCows,1,1,1,1,1,1,1
9503,MmCows,2,2,2,2,2,2,2
9509,MmCows,1,1,1,1,1,1,1
9595,MmCows,1,1,1,1,1,1,1
9692,MmCows,1,1,1,1,1,1,1
9732,MmCows,1,4,4,1,4,4,4
9826,MmCows,4,5,5,5,5,5,5
9829,MmCows,4,5,5,5,5,5,5
9956,MmCows,3,3,3,3,3,3,3
9983,MmCows,3,3,3,3,3,3,3
10016,MmCows,3,3,3,3,3,3,3
10023,MmCows,3,3,3,3,3,3,3
10271,MmCows,3,3,3,3,3,3,3
10317,MmCows,3,3,3,3,3,3,3
10521,MmCows,3,3,3,3,3,3,3
10559,MmCows,3,3,3,3,3,3,3
10625,MmCows,3,3,3,3,3,3,3
10662,MmCows,3,3,3,3,3,3,3
10700,MmCows,3,3,3,3,3,3,3
10818,MmCows,3,3,3,3,3,3,3
10941,MmCows,3,3,3,3,3,3,3
11080,MmCows,4,4,4,4,4,4,4
11113,MmCows,4,4,4,4,4,4,4
11150,MmCows,0,0,0,0,0,0,0
11309,MmCows,4,5,5,5,4,4,4
11491,MmCows,1,5,5,5,5,5,5
12340,MmCows,4,4,4,4,4,4,4
12414,MmCows,3,3,3,3,3,3,3
12558,MmCows,3,3,3,3,3,3,3
12610,MmCows,3,3,3,3,3,3,3
12695,MmCows,3,3,3,3,3,3,3
12897,MmCows,3,3,3,3,3,3,3
12930,MmCows,3,3,3,3,3,3,3
12947,MmCows,3,3,3,3,3,3,3
13280,MmCows,3,3,3,3,3,3,3
13368,MmCows,3,3,3,3,3,3,3
13458,MmCows,3,3,3,3,3,3,3
13575,MmCows,3,3,3,3,3,3,3
13986,MmCows,3,3,3,3,3,3,3
14051,MmCows,3,3,3,3,3,3,3
14201,MmCows,3,3,3,3,3,3,3
14482,MmCows,3,3,3,3,3,3,3
14618,MmCows,3,3,3,3,3,3,3
14636,MmCows,3,3,3,3,3,3,3
14703,MmCows,4,4,4,4,4,4,4
14929,MmCows,4,4,4,4,5,5,5
14932,MmCows,4,5,5,5,5,5,5
14944,MmCows,4,4,4,4,4,4,4
15270,MmCows,4,4,4,4,4,4,4
15333,MmCows,4,4,4,4,4,4,4
15372,MmCows,4,4,4,4,4,4,4
15420,MmCows,4,5,5,5,4,4,4
15437,MmCows,4,4,4,4,4,4,4
15462,MmCows,4,4,4,4,4,4,4
15528,MmCows,4,4,4,4,4,4,4
15544,MmCows,4,5,5,5,5,5,5
15598,MmCows,3,3,3,3,3,3,3
15842,MmCows,3,3,3,3,3,3,3
15928,MmCows,3,3,3,3,3,3,3
15931,MmCows,3,3,3,3,3,3,3
15969,MmCows,3,3,3,3,3,3,3
16240,MmCows,2,2,2,2,2,2,2
16263,MmCows,1,1,1,1,1,1,1
16379,MmCows,1,2,2,2,2,2,2
16432,MmCows,2,4,4,4,4,4,4
16436,MmCows,1,4,4,4,4,4,4
16650,MmCows,1,1,1,1,1,1,1
16656,MmCows,1,1,1,1,1,1,1
16848,MmCows,1,2,2,2,2,2,2
16911,MmCows,1,1,1,1,1,1,1
17247,MmCows,1,1,1,1,1,1,1
17397,MmCows,1,1,1,1,1,1,1
17418,MmCows,5,5,5,5,5,5,5
17520,MmCows,4,4,4,4,4,4,4
17538,MmCows,4,4,4,4,4,4,4
17565,MmCows,4,4,4,4,4,4,4
17589,MmCows,4,4,4,4,4,4,4
17633,MmCows,4,4,4,4,4,4,4
17790,MmCows,4,4,4,4,4,4,4
17862,MmCows,3,3,3,3,3,3,3
17895,MmCows,3,3,3,3,3,3,3
17915,MmCows,3,3,3,3,3,3,3
18036,MmCows,3,3,3,3,3,3,3
18086,MmCows,4,4,4,4,4,4,4
18309,MmCows,4,4,4,4,4,4,4
18329,MmCows,4,4,4,4,4,4,4
18347,MmCows,4,4,4,4,4,4,4
18494,MmCows,4,4,4,4,4,4,4
18570,MmCows,4,4,4,4,4,4,4
18582,MmCows,4,4,4,4,4,4,4
18588,MmCows,4,4,4,4,4,4,4
18773,MmCows,2,2,2,2,2,2,2
18780,MmCows,1,1,1,1,1,1,1
18908,MmCows,1,1,1,1,1,1,1
18986,MmCows,2,2,2,2,2,2,2
19017,MmCows,2,2,2,2,4,4,2
19314,MmCows,4,4,4,4,4,4,4
19318,MmCows,4,4,4,4,4,4,4
19392,MmCows,4,4,4,4,4,4,4
19537,MmCows,3,3,3,3,3,3,3
19576,MmCows,3,3,3,3,3,3,3
19602,MmCows,3,3,3,3,3,3,3
19662,MmCows,3,3,3,3,3,3,3
19751,MmCows,3,3,3,3,3,3,3
19754,MmCows,3,3,3,3,3,3,3
20110,MmCows,3,3,3,3,3,3,3
20216,MmCows,4,4,4,4,4,4,4
20334,MmCows,4,4,4,4,4,4,4
20607,MmCows,5,5,5,5,5,5,5
20844,MmCows,1,2,2,1,4,4,2
20857,MmCows,1,1,1,1,1,1,1
21154,MmCows,1,2,2,4,2,2,2
21209,MmCows,4,0,0,0,0,0,0
21305,MmCows,4,5,5,5,5,5,5
21330,MmCows,4,4,4,4,4,4,4
21350,MmCows,4,4,4,4,4,4,4
21399,MmCows,4,4,4,4,4,4,4
21426,MmCows,4,4,4,4,4,4,4
21508,MmCows,4,4,4,4,4,4,4
21543,MmCows,4,4,4,4,4,4,4
21607,MmCows,4,4,4,4,4,4,4
21738,MmCows,4,4,4,4,4,4,4
21773,MmCows,4,4,4,4,4,4,4
21826,MmCows,4,4,4,4,4,4,4
21872,MmCows,4,5,5,5,5,5,5
21940,MmCows,4,5,5,5,4,4,4
22383,MmCows,4,5,5,5,5,5,5
22406,MmCows,4,4,4,4,4,4,4
22409,MmCows,4,4,4,4,4,4,4
22487,MmCows,1,1,1,1,1,1,1
22634,MmCows,1,4,4,4,2,2,1
22711,MmCows,1,4,4,4,2,2,2
22743,MmCows,4,4,4,4,4,4,4
22855,MmCows,4,5,5,5,5,5,5
22876,MmCows,4,4,4,4,4,4,4
22898,MmCows,4,4,4,4,4,4,4
22918,MmCows,4,5,5,5,0,0,1
23169,MmCows,3,3,3,3,3,3,3
23199,MmCows,3,3,3,3,3,3,3
23341,MmCows,3,3,3,3,3,3,3
23454,MmCows,3,3,3,3,3,3,3
23529,MmCows,3,3,3,3,3,3,3
23966,MmCows,5,5,5,5,5,5,5
24094,MmCows,1,2,2,2,1,1,1
24371,MmCows,1,2,2,1,2,2,2
24488,MmCows,4,4,4,4,4,4,4
24493,MmCows,4,4,4,4,4,4,4
24514,MmCows,4,4,4,4,4,4,4
24815,MmCows,3,3,3,3,3,3,3
24879,MmCows,3,3,3,3,3,3,3
25097,MmCows,3,3,3,3,3,3,3
25107,MmCows,3,3,3,3,3,3,3
25116,MmCows,3,3,3,3,3,3,3
25199,MmCows,3,3,3,3,3,3,3
25260,MmCows,3,3,3,3,3,3,3
25390,MmCows,4,4,4,4,4,4,4
25451,MmCows,4,4,4,4,4,4,4
25454,MmCows,4,4,4,4,4,4,4
25607,MmCows,3,3,3,3,3,3,3
25684,MmCows,3,3,3,3,3,3,3
25789,MmCows,3,3,3,3,3,3,3
25926,MmCows,3,3,3,3,3,3,3
25934,MmCows,3,3,3,3,3,3,3
26013,MmCows,3,3,3,3,3,3,3
26135,MmCows,4,4,4,4,4,4,4
26172,MmCows,4,4,4,4,4,4,4
26283,MmCows,4,4,4,4,4,4,4
26293,MmCows,5,5,5,5,5,5,5
26437,MmCows,1,5,5,5,5,5,5
26551,MmCows,2,2,2,2,2,2,2
26693,MmCows,1,1,1,1,1,1,1
26732,MmCows,1,2,2,1,5,5,5
26948,MmCows,3,3,3,3,3,3,3
27280,MmCows,3,3,3,3,3,3,3
27491,MmCows,4,4,4,4,4,4,4
27773,MmCows,4,4,4,4,3,3,4
27820,MmCows,4,4,4,4,4,4,4
27975,MmCows,3,3,3,3,3,3,3
28163,MmCows,4,4,4,4,4,4,4
28194,MmCows,4,4,4,4,4,4,4
28229,MmCows,4,4,4,4,4,4,4
28320,MmCows,3,3,3,3,3,3,3
28360,MmCows,3,3,3,3,3,3,3
28367,MmCows,3,3,3,3,3,3,3
28400,MmCows,3,3,3,3,3,3,3
28438,MmCows,3,3,3,3,3,3,3
28473,MmCows,3,3,3,3,3,3,3
28483,MmCows,3,3,3,3,3,3,3
28539,MmCows,3,3,3,3,3,3,3
28569,MmCows,3,3,3,3,3,3,3
28850,MmCows,3,3,3,3,3,3,3
29088,MmCows,3,3,3,3,3,3,3
29163,MmCows,4,4,4,4,4,4,4
29204,MmCows,1,2,2,1,2,2,2
29303,MmCows,4,4,4,4,4,4,4
29305,MmCows,4,4,4,4,4,4,4
29322,MmCows,1,1,1,1,1,1,1
29338,MmCows,1,4,4,4,5,5,5
29345,MmCows,2,4,4,4,4,4,4
29370,MmCows,1,4,4,4,4,4,4
29444,MmCows,2,2,2,2,2,2,2
29561,MmCows,1,5,5,5,4,4,4
29573,MmCows,1,4,4,4,4,4,4
29675,MmCows,4,5,5,5,5,5,5
29878,MmCows,1,4,4,4,4,4,4
29953,MmCows,2,2,2,2,2,2,2
30180,MmCows,2,4,4,4,4,4,4
30276,MmCows,4,5,5,5,5,5,5
30284,MmCows,4,5,5,5,4,4,4
30358,MmCows,4,4,4,4,4,4,4
30578,MmCows,4,4,4,4,4,4,4
30598,MmCows,4,4,4,4,4,4,4
30630,MmCows,4,4,4,4,4,4,4
30685,MmCows,4,4,4,4,4,4,4
30768,MmCows,4,4,4,4,4,4,2
30855,MmCows,5,5,5,5,5,5,5
30908,MmCows,4,4,4,4,4,4,4
31056,MmCows,2,2,2,2,2,2,2
31098,MmCows,2,2,2,2,2,2,2
31122,MmCows,2,1,1,1,2,2,2
31194,MmCows,4,4,4,4,4,4,4
31348,MmCows,3,3,3,3,3,3,3
31384,MmCows,3,3,3,3,3,3,3
31398,MmCows,3,3,3,3,3,3,3
31488,MmCows,3,3,3,3,3,3,3
31670,MmCows,3,3,3,3,3,3,3
31673,MmCows,3,3,3,3,3,3,3
31702,MmCows,3,3,3,3,3,3,3
31711,MmCows,3,3,3,3,3,3,3
31725,MmCows,3,3,3,3,3,3,3
31763,MmCows,3,3,3,3,3,3,3
31876,MmCows,3,3,3,3,3,3,3
32064,MmCows,3,3,3,3,3,3,3
32140,MmCows,3,3,3,3,3,3,3
32258,MmCows,3,3,3,3,3,3,3
32276,MmCows,3,3,3,3,3,3,3
32321,MmCows,3,3,3,3,3,3,3
32374,MmCows,4,4,4,4,4,4,4
32544,MmCows,0,0,0,0,0,0,0
32665,MmCows,4,4,4,4,4,4,4
32831,MmCows,1,1,1,1,4,4,4
32978,MmCows,4,4,4,4,4,4,4
33435,MmCows,3,3,3,3,3,3,3
33562,MmCows,3,3,3,3,3,3,3
33590,MmCows,3,3,3,3,3,3,3
33653,MmCows,3,3,3,3,3,3,3
33688,MmCows,3,3,3,3,3,3,3
33723,MmCows,3,4,4,4,4,4,3
33859,MmCows,3,3,3,3,3,3,3
33870,MmCows,3,3,3,3,3,3,3
33970,MmCows,3,3,3,3,3,3,3
34210,MmCows,3,3,3,3,3,3,3
34351,MmCows,4,4,4,4,4,4,4
34371,MmCows,4,4,4,4,4,4,4
34373,MmCows,4,4,4,4,4,4,4
34441,MmCows,3,3,3,3,3,3,3
34533,MmCows,3,3,3,3,3,3,3
34770,MmCows,2,4,4,2,4,4,4
34875,MmCows,0,4,4,4,2,2,2
34941,MmCows,2,4,4,4,5,5,5
35036,MmCows,2,2,2,2,2,2,2
35129,MmCows,1,2,2,2,4,4,2
35148,MmCows,2,4,4,2,4,4,4
35240,MmCows,1,4,4,4,4,4,4
35399,MmCows,2,2,2,2,2,2,2
35420,MmCows,2,2,2,2,2,2,2
35528,MmCows,3,3,3,3,3,3,3
35592,MmCows,3,3,3,3,3,3,3
35624,MmCows,4,4,4,4,4,4,4
35775,MmCows,2,2,2,2,2,2,2
35805,MmCows,1,1,1,1,1,1,1
36044,MmCows,2,2,2,2,2,2,2
36062,MmCows,2,2,2,2,2,2,2
36079,MmCows,2,2,2,2,2,2,2
36117,MmCows,1,1,1,1,1,1,1
36268,MmCows,0,0,0,0,0,0,0
36305,MmCows,0,0,0,0,0,0,0
36404,MmCows,4,4,4,4,4,4,4
36419,MmCows,4,4,4,4,4,4,4
36743,MmCows,3,3,3,3,3,3,3
36874,MmCows,3,3,3,3,3,3,3
36955,MmCows,3,3,3,3,3,3,3
37009,MmCows,3,3,3,3,3,3,3
37094,MmCows,3,3,3,3,3,3,3
37150,MmCows,3,3,3,3,3,3,3
37267,MmCows,3,3,3,3,3,3,3
37338,MmCows,3,3,3,3,3,3,3
37642,MmCows,1,2,2,2,4,4,4
37709,MmCows,2,2,2,2,2,2,2
37835,MmCows,2,2,2,2,2,2,2
37899,MmCows,0,0,0,0,0,0,0
38050,MmCows,3,3,3,3,3,3,3
38133,MmCows,3,3,3,3,3,3,3
38195,MmCows,3,3,3,3,3,3,3
38270,MmCows,3,3,3,3,3,3,3
38366,MmCows,3,3,3,3,3,3,3
38533,MmCows,3,3,3,3,3,3,3
38684,MmCows,3,3,3,3,4,4,4
38857,MmCows,4,5,5,5,5,5,5
38971,MmCows,1,1,1,1,1,1,1
38995,MmCows,1,5,5,5,5,5,5
39028,MmCows,2,5,5,4,4,4,5
39086,MmCows,1,1,1,1,1,1,1
39307,MmCows,2,2,2,2,2,2,2
39687,MmCows,3,3,3,3,3,3,3
39688,MmCows,4,4,4,4,4,4,4
39750,MmCows,3,3,3,3,3,3,3
39781,MmCows,3,3,3,3,3,3,3
39782,MmCows,3,3,3,3,3,3,3
39905,MmCows,3,3,3,3,3,3,3
40117,MmCows,3,3,3,3,3,3,3
40192,MmCows,3,3,3,3,3,3,3
40220,MmCows,3,3,3,3,3,3,3
40356,MmCows,4,4,4,4,4,4,4
40446,MmCows,4,4,4,4,4,4,4
40533,MmCows,4,4,4,4,4,4,4
40553,MmCows,4,4,4,4,4,4,4
40609,MmCows,4,4,4,4,4,4,4
40651,MmCows,4,4,4,4,4,4,4
40744,MmCows,4,4,4,4,4,4,4
40887,MmCows,4,4,4,4,4,4,4
40957,MmCows,4,4,4,4,4,4,4
40998,MmCows,4,4,4,4,4,4,4
41015,MmCows,3,3,3,3,3,3,3
41025,MmCows,3,3,3,3,3,3,3
41121,MmCows,3,3,3,3,3,3,3
41207,MmCows,3,3,3,3,3,3,3
41294,MmCows,3,3,3,3,3,3,3
41295,MmCows,3,3,3,3,3,3,3
41533,MmCows,4,4,4,4,4,4,4
41626,MmCows,4,4,4,4,4,4,4
41985,MmCows,4,4,4,4,4,4,4
42079,MmCows,4,4,4,4,4,4,4
42150,MmCows,4,4,4,4,4,4,4
42204,MmCows,4,4,4,4,4,4,4
42510,MmCows,4,4,4,4,4,4,4
42532,MmCows,4,4,4,4,4,4,4
42670,MmCows,1,1,1,1,1,1,1
42720,MmCows,2,2,2,2,2,2,2
42724,MmCows,1,1,1,1,1,1,1
42750,MmCows,2,2,2,2,2,2,2
42982,MmCows,1,2,2,2,2,2,2
43007,MmCows,1,1,1,1,2,2,2
43110,MmCows,1,2,2,2,2,2,2
43272,MmCows,2,2,2,2,2,2,2
43324,MmCows,2,2,2,2,2,2,2
43385,MmCows,2,2,2,2,2,2,2
43529,MmCows,1,4,4,4,2,2,2
43733,MmCows,2,4,4,4,4,4,4
43965,MmCows,2,4,4,4,4,4,4
44052,MmCows,1,4,4,4,2,2,4
44308,MmCows,3,3,3,3,3,3,3
44352,MmCows,3,3,3,3,3,3,3
44366,MmCows,3,3,3,3,3,3,3
44450,MmCows,3,3,3,3,3,3,3
44571,MmCows,3,3,3,3,3,3,3
44728,MmCows,3,3,3,3,3,3,3
44758,MmCows,3,3,3,3,3,3,3
45630,MmCows,3,3,3,3,3,3,3
45635,MmCows,3,3,3,3,3,3,3
45838,MmCows,3,3,3,3,3,3,3
45851,MmCows,3,3,3,3,3,3,3
45997,MmCows,3,3,3,3,3,3,3
46002,MmCows,3,3,3,3,3,3,3
46107,MmCows,3,3,3,3,3,3,3
46234,MmCows,3,3,3,3,3,3,3
46260,MmCows,3,3,3,3,3,3,3
46342,MmCows,3,3,3,3,3,3,3
46462,MmCows,3,3,3,3,3,3,3
46535,MmCows,3,3,3,3,3,3,3
46575,MmCows,3,3,3,3,3,3,3
46595,MmCows,4,4,4,4,4,4,4
46671,MmCows,4,4,4,4,4,4,4
46691,MmCows,4,4,4,4,4,4,4
46720,MmCows,4,4,4,4,4,4,4
46724,MmCows,4,4,4,4,4,4,4
46893,MmCows,1,1,1,1,1,1,1
46965,MmCows,2,5,5,5,5,5,5
47246,MmCows,2,2,2,2,2,2,2
47268,MmCows,1,2,2,2,2,2,2
47272,MmCows,1,2,2,2,2,2,2
47280,MmCows,1,1,1,1,5,5,5
47442,MmCows,0,0,0,0,0,0,0
47473,MmCows,0,0,0,0,0,0,0
47530,MmCows,4,0,0,0,4,4,4
47601,MmCows,0,4,4,4,4,4,4
47745,MmCows,4,0,0,0,4,4,0
47764,MmCows,4,4,4,4,4,4,2
47981,MmCows,3,3,3,3,3,3,3
48284,MmCows,3,3,3,3,3,3,3
48342,MmCows,3,3,3,3,3,3,3
48494,MmCows,3,3,3,3,3,3,3
48862,MmCows,2,2,2,2,2,2,2
49146,MmCows,0,0,0,0,0,0,0
49249,MmCows,2,4,4,4,5,5,5
49375,MmCows,1,1,1,1,2,2,1
49465,MmCows,1,2,2,2,2,2,2
49529,MmCows,2,2,2,2,2,2,2
49616,MmCows,4,4,4,4,4,4,4
49708,MmCows,4,4,4,4,4,4,4
49714,MmCows,4,4,4,4,4,4,4
49718,MmCows,4,4,4,4,4,4,4
49973,MmCows,4,4,4,4,4,4,4
50028,MmCows,4,4,4,4,4,4,4
50222,MmCows,4,4,4,4,4,4,4
50306,MmCows,4,4,4,4,4,4,4
50333,MmCows,4,4,4,4,4,4,4
50448,MmCows,4,4,4,4,4,4,4
50493,MmCows,4,4,4,4,4,4,4
50596,MmCows,3,3,3,3,3,3,3
50599,MmCows,3,3,3,3,3,3,3
50761,MmCows,3,3,3,3,3,3,3
50771,MmCows,3,3,3,3,3,3,3
50780,MmCows,3,3,3,3,3,3,3
50817,MmCows,3,3,3,3,3,3,3
50864,MmCows,4,4,4,4,4,4,4
51007,MmCows,4,4,4,4,4,4,4
51188,MmCows,1,2,2,2,1,1,1
51412,MmCows,1,5,5,5,4,4,5
51433,MmCows,2,5,5,5,5,5,5
51719,MmCows,3,3,3,3,3,3,3
52051,MmCows,3,3,3,3,3,3,3
52323,MmCows,3,3,3,3,3,3,3
52345,MmCows,3,3,3,3,3,3,3
52383,MmCows,3,3,3,3,3,3,3
52639,MmCows,4,4,4,4,4,4,4
52662,MmCows,4,4,4,4,4,4,4
52678,MmCows,4,4,4,4,4,4,4
52738,MmCows,4,4,4,4,4,4,4
52784,MmCows,4,4,4,4,4,4,4
52919,MmCows,4,4,4,4,4,4,4
52944,MmCows,4,4,4,4,4,4,4
53066,MmCows,4,4,4,4,4,4,4
53086,MmCows,4,4,4,4,4,4,4
53157,MmCows,4,5,5,5,4,4,5
53165,MmCows,0,4,4,5,4,4,0
53257,MmCows,4,4,4,4,4,4,4
53373,MmCows,4,4,4,4,4,4,4
53629,MmCows,4,4,4,4,4,4,4
53690,MmCows,4,4,4,4,4,4,4
53826,MmCows,4,4,4,4,4,4,4
53842,MmCows,4,4,4,4,4,4,4
53935,MmCows,4,4,4,4,4,4,4
54314,MmCows,2,5,5,5,5,5,5
54335,MmCows,2,2,2,2,2,2,2
54419,MmCows,2,2,2,2,2,2,2
54420,MmCows,2,4,4,4,4,4,4
54433,MmCows,2,4,4,4,4,4,2
54634,MmCows,4,4,4,4,4,4,4
54975,MmCows,3,3,3,3,3,3,3
55063,MmCows,3,3,3,3,3,3,3
55484,MmCows,2,2,2,2,2,2,2
55529,MmCows,1,4,4,4,4,4,4
55545,MmCows,2,2,2,2,2,2,2
55780,MmCows,2,5,5,4,4,4,4
55831,MmCows,1,1,1,1,1,1,1
55894,MmCows,1,1,1,1,1,1,1
56188,MmCows,4,4,4,4,4,4,4
56411,MmCows,4,4,4,4,4,4,5
56473,MmCows,5,5,5,5,5,5,5
56704,MmCows,4,4,4,4,4,4,4
56738,MmCows,4,5,5,5,5,5,5
57231,MmCows,4,4,4,4,4,4,4
57258,MmCows,4,4,4,4,3,3,3
57331,MmCows,4,4,4,4,4,4,4
57399,MmCows,3,3,3,3,3,3,3
57415,MmCows,3,3,3,3,3,3,3
57567,MmCows,3,3,3,3,3,3,3
57623,MmCows,3,3,3,3,3,3,3
57640,MmCows,3,3,3,3,3,3,3
57641,MmCows,3,3,3,3,3,3,3
57781,MmCows,3,3,3,3,3,3,3
57905,MmCows,3,3,3,3,3,3,3
57919,MmCows,3,3,3,3,3,3,3
57984,MmCows,3,3,3,3,3,3,3
58016,MmCows,3,3,3,3,3,3,3
58083,MmCows,3,3,3,3,3,3,3
58197,MmCows,3,3,3,3,3,3,3
58261,MmCows,4,4,4,4,4,4,4
58409,MmCows,4,4,4,4,4,4,4
58438,MmCows,4,4,4,4,4,4,4
58522,MmCows,4,4,4,4,4,4,4
58566,MmCows,5,4,4,4,4,4,4
58719,MmCows,2,2,2,2,2,2,2
58728,MmCows,1,2,2,2,2,2,2
58761,MmCows,2,1,1,1,2,2,2
58955,MmCows,2,2,2,2,2,2,2
59059,MmCows,1,1,1,1,4,4,2
59226,MmCows,2,2,2,2,4,4,4
59240,MmCows,2,2,2,2,2,2,2
59384,MmCows,4,4,4,0,0,0,0
59409,MmCows,4,4,4,4,4,4,4
59947,MmCows,3,4,4,4,4,4,4
60253,MmCows,4,4,4,4,4,4,4
60551,MmCows,1,2,2,2,1,1,2
60710,MmCows,2,2,2,2,2,2,2
60761,MmCows,5,5,5,5,4,4,5
60827,MmCows,4,0,0,0,4,4,4
60988,MmCows,4,0,0,0,0,0,0
61105,MmCows,4,0,0,0,0,0,0
61303,MmCows,4,4,4,4,4,4,4
61314,MmCows,4,4,4,4,4,4,4
61356,MmCows,4,4,4,4,4,4,4
61421,MmCows,4,4,4,4,4,4,4
61502,MmCows,4,4,4,4,4,4,4
61660,MmCows,4,4,4,4,4,4,5
61904,MmCows,3,3,3,3,3,3,3
62050,MmCows,3,3,3,3,3,3,3
62314,MmCows,3,3,3,3,3,3,3
62347,MmCows,3,3,3,3,3,3,3
62391,MmCows,3,3,3,3,3,3,3
62426,MmCows,3,3,3,3,3,3,3
62456,MmCows,3,3,3,3,3,3,3
62771,MmCows,3,3,3,3,3,3,3
62925,MmCows,3,3,3,3,3,3,3
62934,MmCows,3,3,3,3,3,3,3
62965,MmCows,3,3,3,3,3,3,3
62999,MmCows,3,3,3,3,3,3,3
63182,MmCows,4,4,4,4,4,4,4
63275,MmCows,5,5,5,5,5,5,5
63487,MmCows,2,4,4,4,4,4,2
63521,MmCows,2,2,2,2,2,2,2
63721,MmCows,1,1,1,1,1,1,1
63773,MmCows,1,2,2,2,1,1,1
64125,MmCows,4,4,4,4,4,4,4
64332,MmCows,4,4,4,4,3,3,3
64348,MmCows,4,4,4,4,4,4,4
64357,MmCows,4,4,4,4,4,4,4
64444,MmCows,4,4,4,4,4,4,3
64499,MmCows,4,4,4,4,4,4,4
64685,MmCows,1,1,1,1,1,1,1
64699,MmCows,2,2,2,2,2,2,2
64758,MmCows,2,4,4,4,4,4,4
65098,MmCows,4,4,4,4,4,4,4
65116,MmCows,4,4,4,4,4,4,4
65119,MmCows,5,4,4,4,4,4,4
65375,MmCows,3,3,3,3,3,3,3
65414,MmCows,3,3,3,3,3,3,3
66080,MmCows,5,0,0,0,5,5,5
66143,MmCows,1,4,4,4,4,4,4
66213,MmCows,2,4,4,4,4,4,4
66314,MmCows,2,2,2,2,2,2,2
66458,MmCows,4,4,4,0,4,4,4
66473,MmCows,4,5,5,5,5,5,5
66516,MmCows,4,4,4,4,4,4,4
66588,MmCows,3,3,3,3,3,3,3
66926,MmCows,3,3,3,3,3,3,3
67341,MmCows,3,3,3,3,3,3,3
67532,MmCows,4,4,4,4,4,4,4
67803,MmCows,4,4,4,4,4,4,4
68023,MmCows,2,2,2,2,2,2,2
68092,MmCows,2,4,4,4,4,4,4
68260,MmCows,4,5,5,5,4,4,4
68313,MmCows,4,4,4,4,4,4,4
68372,MmCows,4,4,4,4,4,4,4
68535,MmCows,3,3,3,3,3,3,3
68662,MmCows,3,3,3,3,3,3,3
68694,MmCows,3,3,3,3,3,3,3
68889,MmCows,3,3,3,3,3,3,3
69068,MmCows,5,5,5,5,5,5,5
69079,MmCows,4,4,4,5,4,4,4
69575,MmCows,4,4,4,4,4,4,4
69618,MmCows,4,4,4,4,4,4,4
69662,MmCows,4,4,4,4,4,4,4
69702,MmCows,4,4,4,4,4,4,4
69926,MmCows,3,3,3,3,3,3,3
69931,MmCows,3,3,3,3,3,3,3
70056,MmCows,3,3,3,3,3,3,3
70242,MmCows,3,3,3,3,3,3,3
70520,MmCows,4,4,4,4,4,4,4
70545,MmCows,4,5,5,5,5,5,5
70546,MmCows,0,0,0,0,0,0,0
70751,MmCows,4,0,0,0,0,0,0
70830,MmCows,4,4,4,4,4,4,4
70862,MmCows,4,4,4,4,4,4,4
71368,MmCows,4,5,5,5,5,5,4
71387,MmCows,4,4,4,4,4,4,4
71469,MmCows,4,5,5,5,4,4,4
71520,MmCows,4,4,4,4,4,4,4
71610,MmCows,4,5,5,4,5,5,5
71704,MmCows,4,4,4,4,4,4,4
71812,MmCows,4,4,4,4,4,4,4
71956,MmCows,1,4,4,4,4,4,4
72062,MmCows,1,1,1,1,1,1,1
72105,MmCows,1,1,1,1,1,1,1
72592,MmCows,2,4,4,4,4,4,5
72671,MmCows,2,4,4,4,4,4,4
72697,MmCows,2,2,2,2,2,2,2
72766,MmCows,2,5,5,5,5,5,5
72871,MmCows,2,4,4,4,4,4,4
73066,MmCows,2,4,4,4,4,4,4
73206,MmCows,2,4,4,4,4,4,4
73327,MmCows,4,4,4,4,4,4,4
73452,MmCows,4,4,4,4,4,4,4
73554,MmCows,4,4,4,4,4,4,4
73616,MmCows,4,4,4,4,4,4,4
73635,MmCows,4,4,4,4,4,4,4
73730,MmCows,4,4,4,4,4,4,4
74218,MmCows,1,1,1,1,1,1,1
74399,MmCows,4,4,4,4,4,4,4
74427,MmCows,4,4,4,4,4,4,4
74434,MmCows,4,4,4,4,4,4,4
74511,MmCows,4,4,4,4,4,4,4
74688,MmCows,4,4,4,4,4,4,4
74856,MmCows,4,4,4,4,4,4,4
75458,MmCows,4,4,4,4,4,4,4
75528,MmCows,4,5,5,5,5,5,5
75901,MmCows,3,3,3,3,3,3,3
75943,MmCows,3,3,3,3,3,3,3
76187,MmCows,4,4,4,4,4,4,4
76227,MmCows,5,4,4,4,4,4,4
76271,MmCows,1,1,1,1,1,1,1
76350,MmCows,1,1,1,1,1,1,1
76411,MmCows,1,1,1,1,1,1,1
76435,MmCows,1,2,2,2,1,1,1
76600,MmCows,1,2,2,5,2,2,2
76658,MmCows,4,4,4,4,4,4,4
76810,MmCows,4,4,4,4,4,4,4
76891,MmCows,4,4,4,4,4,4,4
77143,MmCows,4,4,4,4,4,4,4
77208,MmCows,4,4,4,4,4,4,4
77260,MmCows,4,4,4,4,2,2,2
77418,MmCows,4,4,4,4,4,4,4
77422,MmCows,4,4,4,4,4,4,4
77429,MmCows,4,4,4,4,4,4,4
77452,MmCows,4,4,4,4,4,4,4
77566,MmCows,4,4,4,4,4,4,4
77625,MmCows,1,1,1,1,1,1,1
77728,MmCows,1,4,4,4,4,4,4
77840,MmCows,1,1,1,1,2,2,2
77940,MmCows,1,2,2,2,2,2,2
78049,MmCows,1,1,1,1,1,1,1
78074,MmCows,4,4,4,4,2,2,2
78357,MmCows,4,4,4,4,4,4,4
78403,MmCows,4,4,4,4,4,4,4
78431,MmCows,4,4,4,4,4,4,4
78505,MmCows,4,4,4,4,4,4,4
78516,MmCows,4,4,4,4,4,4,4
78569,MmCows,4,4,4,4,4,4,4
78616,MmCows,4,4,4,4,4,4,4
78711,MmCows,4,4,4,4,4,4,4
78946,MmCows,4,4,4,4,4,4,4
78956,MmCows,4,4,4,4,4,4,4
79041,MmCows,4,1,1,1,1,1,1
79577,MmCows,1,1,1,1,1,1,1
79863,MmCows,4,4,4,4,4,4,5
79920,MmCows,4,4,4,4,4,4,4
79984,MmCows,4,4,4,4,4,4,4
80131,MmCows,4,4,4,4,4,4,4
80322,MmCows,4,4,4,4,4,4,4
80439,MmCows,4,4,4,4,4,4,4
80454,MmCows,4,4,4,4,4,4,4
80469,MmCows,4,4,4,4,4,4,4
80645,MmCows,4,4,4,4,4,4,4
80760,MmCows,4,4,4,4,4,4,4
80809,MmCows,4,4,4,4,4,4,4
80816,MmCows,3,3,3,3,3,3,3
80911,MmCows,3,3,3,3,3,3,3
80953,MmCows,3,3,3,3,3,3,3
81055,MmCows,3,3,3,3,3,3,3
81170,MmCows,3,3,3,3,3,3,3
81284,MmCows,3,3,3,3,3,3,3
81428,MmCows,3,3,3,3,3,3,3
81460,MmCows,3,3,3,3,3,3,3
81808,MmCows,1,2,2,1,4,4,4
81931,MmCows,2,1,1,1,1,1,1
81972,MmCows,5,5,5,5,5,5,5
82052,MmCows,2,1,1,1,1,1,1
82080,MmCows,1,1,1,1,1,1,1
82205,MmCows,1,1,1,1,1,1,1
82299,MmCows,4,4,4,4,4,4,4
82435,MmCows,1,1,1,1,1,1,1
82515,MmCows,4,4,4,4,4,4,4
82812,MmCows,4,4,4,4,4,4,4
83191,MmCows,4,4,4,4,4,4,4
83227,MmCows,4,4,4,4,4,4,4
83248,MmCows,4,4,4,4,4,4,4
83314,MmCows,4,4,4,4,4,4,4
83351,MmCows,4,4,4,4,4,4,4
83462,MmCows,1,1,1,1,1,1,1
83464,MmCows,1,1,1,1,1,1,1
83647,MmCows,4,5,5,5,5,5,5
83740,MmCows,3,3,3,3,3,3,3
83773,MmCows,3,3,3,3,3,3,3
83784,MmCows,3,3,3,3,3,3,3
83837,MmCows,3,3,3,3,3,3,3
83840,MmCows,3,3,3,3,3,3,3
83848,MmCows,3,3,3,3,3,3,3
84141,MmCows,3,3,3,3,3,3,3
84191,MmCows,3,3,3,3,3,3,3
84358,MmCows,3,3,3,3,3,3,3
84537,MmCows,3,3,3,3,3,3,3
84583,MmCows,3,3,3,3,3,3,3
84753,MmCows,3,3,3,3,3,3,3
84800,MmCows,3,3,3,3,3,3,3
84808,MmCows,3,3,3,3,3,3,3
84877,MmCows,3,3,3,3,3,3,3
84924,MmCows,3,3,3,3,3,3,3
84971,MmCows,3,3,3,3,3,3,3
85020,MmCows,3,3,3,3,3,3,3
85059,MmCows,3,3,3,3,3,3,3
85067,MmCows,3,3,3,3,3,3,3
85086,MmCows,3,3,3,3,3,3,3
85170,MmCows,3,3,3,3,3,3,3
85287,MmCows,4,4,4,4,4,4,4
85434,MmCows,3,3,3,3,3,3,3
85514,MmCows,3,3,3,3,3,3,3
85701,MmCows,4,4,4,4,4,4,4
85863,MmCows,4,4,4,4,4,4,4
85952,MmCows,4,4,4,4,4,4,4
86077,MmCows,4,5,5,5,4,4,4
86303,MmCows,1,1,1,1,1,1,1
86369,MmCows,1,3,3,3,3,3,1
86392,MmCows,1,4,4,4,4,4,4
86481,MmCows,2,4,4,4,4,4,4
86482,MmCows,1,1,1,1,1,1,1
86851,MmCows,2,2,2,2,2,2,2
86895,MmCows,2,4,4,5,4,4,4
86913,MmCows,2,1,1,1,1,1,1
86959,MmCows,1,4,4,4,4,4,4
87112,MmCows,2,4,4,4,4,4,4
87144,MmCows,1,4,4,4,4,4,4
87314,MmCows,2,5,5,4,5,5,5
87375,MmCows,2,2,2,2,2,2,2
87533,MmCows,2,5,5,5,5,5,5
87539,MmCows,1,4,4,4,4,4,4
87575,MmCows,1,4,4,4,4,4,4
87581,MmCows,1,1,1,1,1,1,4
87624,MmCows,5,5,5,5,5,5,5
87636,MmCows,3,3,3,3,3,3,3
87764,MmCows,3,3,3,3,3,3,3
87901,MmCows,3,3,3,3,3,3,3
88098,MmCows,3,3,3,3,3,3,3
88111,MmCows,3,3,3,3,3,3,3
88174,MmCows,4,4,4,4,4,4,4
88199,MmCows,0,0,0,0,0,0,0
88368,MmCows,4,5,5,5,5,5,5
88375,MmCows,1,1,1,1,1,1,1
88543,MmCows,5,5,5,5,5,5,5
88711,MmCows,3,3,3,3,3,3,3
88817,MmCows,3,3,3,3,3,3,3
88882,MmCows,3,3,3,3,3,3,3
88917,MmCows,3,3,3,3,3,3,3
88950,MmCows,4,4,4,4,0,0,0
88975,MmCows,4,4,4,4,4,4,4
89016,MmCows,4,4,4,4,4,4,4
89026,MmCows,4,5,5,5,5,5,5
89146,MmCows,3,3,3,3,3,3,3
89171,MmCows,3,3,3,3,3,3,3
89185,MmCows,3,3,3,3,3,3,3
89200,MmCows,3,3,3,3,3,3,3
89207,MmCows,3,3,3,3,3,3,3
89314,MmCows,3,3,3,3,3,3,3
89498,MmCows,3,3,3,3,3,3,3
89499,MmCows,3,3,3,3,3,3,3
89709,MmCows,3,3,3,3,3,3,3
89844,MmCows,3,3,3,3,3,3,3
89873,MmCows,3,3,3,3,3,3,3
89912,MmCows,3,3,3,3,3,3,3
89917,MmCows,3,3,3,3,3,3,3
90001,MmCows,4,4,4,4,4,4,4
90011,MmCows,4,4,4,4,4,4,4
90024,MmCows,3,3,3,3,3,3,3
90035,MmCows,4,4,4,4,4,4,4
90062,MmCows,3,3,3,3,3,3,3
90206,MmCows,3,3,3,3,3,3,3
90412,MmCows,4,4,4,4,4,4,4
90583,MmCows,2,2,2,2,2,2,2
90609,MmCows,4,5,5,5,5,5,5
90690,MmCows,2,4,4,1,4,4,4
90768,MmCows,2,4,4,4,4,4,4
90831,MmCows,1,4,4,4,4,4,4
90856,MmCows,2,2,2,2,2,2,2
91053,MmCows,4,4,4,4,4,4,4
91055,MmCows,1,1,1,1,1,1,1
91076,MmCows,1,4,4,4,2,2,2
91127,MmCows,2,1,1,1,1,1,1
91283,MmCows,1,1,1,1,1,1,1
91480,MmCows,3,3,3,3,3,3,3
91523,MmCows,3,3,3,3,3,3,3
91719,MmCows,3,3,3,3,3,3,3
91845,MmCows,3,3,3,3,3,3,3
91917,MmCows,3,3,3,3,3,3,3
92124,MmCows,3,3,3,3,3,3,3
92584,MmCows,2,4,4,4,4,4,4
92851,MmCows,3,3,3,3,3,3,3
92996,MmCows,3,3,3,3,3,3,3
93079,MmCows,3,3,3,3,3,3,3
93091,MmCows,3,3,3,3,3,3,3
93177,MmCows,3,3,3,3,3,3,3
93551,MmCows,3,3,3,3,3,3,3
93598,MmCows,3,3,3,3,3,3,3
93619,MmCows,3,3,3,3,3,3,3
94068,MmCows,4,4,4,4,4,4,4
94085,MmCows,4,4,4,4,4,4,4
94342,MmCows,1,1,1,1,1,1,1
94526,MmCows,2,2,2,4,2,2,5
94544,MmCows,2,4,4,4,2,2,4
94583,MmCows,4,4,4,4,4,4,4
94855,MmCows,3,3,3,3,3,3,3
94969,MmCows,3,3,3,3,3,3,3
95081,MmCows,4,4,4,4,4,4,4
95107,MmCows,4,4,4,4,4,4,4
95139,MmCows,4,4,4,4,4,4,4
95159,MmCows,4,4,4,4,4,4,4
95253,MmCows,4,4,4,4,4,4,4
95349,MmCows,1,1,1,1,1,1,1
95456,MmCows,1,1,1,1,1,1,1
95575,MmCows,1,4,4,4,4,4,4
95660,MmCows,2,2,2,2,2,2,2
95680,MmCows,1,1,1,1,1,1,1
95732,MmCows,5,5,5,5,4,4,4
95909,MmCows,0,0,0,0,0,0,0
96176,MmCows,4,4,4,4,4,4,4
96317,MmCows,4,4,4,4,4,4,4
96406,MmCows,4,4,4,4,4,4,4
96866,MmCows,3,3,3,3,3,3,3
97017,MmCows,3,3,3,3,3,3,3
97134,MmCows,3,3,3,3,3,3,3
97236,MmCows,3,3,3,3,3,3,3
97377,MmCows,4,4,4,4,4,4,4
97482,MmCows,5,4,4,4,4,4,4
97603,MmCows,5,5,5,5,2,2,5
97725,MmCows,2,1,1,1,1,1,1
97836,MmCows,1,4,4,4,4,4,4
98076,MmCows,4,4,4,4,4,4,4
98118,MmCows,3,3,3,3,3,3,3
98132,MmCows,4,4,4,4,4,4,4
98230,MmCows,3,3,3,3,3,3,3
98272,MmCows,3,3,3,3,3,3,3
98404,MmCows,4,4,4,4,4,4,4
98882,MmCows,3,3,3,3,3,3,3
98952,MmCows,3,3,3,3,3,3,3
99291,MmCows,4,4,4,4,4,4,4
99320,MmCows,5,5,5,5,5,5,5
99471,MmCows,1,2,2,2,2,2,2
99546,MmCows,1,1,1,1,1,1,1
99552,MmCows,1,1,1,1,1,1,1
99887,MmCows,3,3,3,3,3,3,3
99941,MmCows,3,3,3,3,3,3,3
100024,MmCows,3,3,3,3,3,3,3
100128,MmCows,3,3,3,3,3,3,3
100151,MmCows,3,3,3,3,3,3,3
100179,MmCows,3,3,3,3,3,3,3
100573,MmCows,4,4,4,4,4,4,4
100710,MmCows,4,0,0,0,4,4,4
100754,MmCows,4,4,4,4,1,1,1
100798,MmCows,1,1,1,1,1,1,1
100980,MmCows,2,2,4,4,2,2,2
101034,MmCows,1,2,2,2,2,2,2
101053,MmCows,1,2,2,2,2,2,2
101237,MmCows,2,2,2,2,2,2,2
101357,MmCows,2,2,2,2,2,2,2
101391,MmCows,1,4,4,4,4,4,4
101477,MmCows,4,4,4,4,4,4,4
101505,MmCows,4,4,4,4,4,4,4
101576,MmCows,4,4,4,4,4,4,4
101787,MmCows,4,4,4,4,4,4,4
101829,MmCows,4,4,4,4,4,4,4
101873,MmCows,4,4,4,4,4,4,4
102027,MmCows,4,4,4,4,4,4,4
102062,MmCows,4,4,4,4,4,4,4
102179,MmCows,4,4,4,4,4,4,4
102226,MmCows,4,4,4,4,4,4,4
102326,MmCows,1,4,4,4,4,4,4
102340,MmCows,1,2,2,1,4,4,4
102363,MmCows,2,4,4,4,2,2,5
102391,MmCows,1,1,1,1,4,1,2
102565,MmCows,3,3,3,3,3,3,3
102649,MmCows,3,3,3,3,3,3,3
102654,MmCows,4,4,4,4,4,4,4
102782,MmCows,2,2,2,2,2,2,2
102784,MmCows,2,4,4,4,4,4,2
102827,MmCows,1,4,4,4,4,4,2
102921,MmCows,1,1,1,1,1,1,1
102966,MmCows,1,1,1,1,4,4,4
102995,MmCows,1,1,1,1,1,1,1
103038,MmCows,1,1,1,1,1,1,1
103056,MmCows,2,1,1,1,1,1,1
103119,MmCows,4,4,4,4,4,4,4
103206,MmCows,3,3,3,3,3,3,3
103251,MmCows,3,3,3,3,3,3,3
103314,MmCows,3,3,3,3,3,3,3
103377,MmCows,3,3,3,3,3,3,3
103489,MmCows,3,3,3,3,3,3,3
103569,MmCows,3,3,3,3,3,3,3
103667,MmCows,3,3,3,3,3,3,3
103675,MmCows,3,3,3,3,3,3,3
104234,MmCows,1,4,4,4,4,4,4
104256,MmCows,2,2,2,2,2,2,2
104528,MmCows,1,1,1,1,1,1,1
104750,MmCows,3,3,3,3,3,3,3
104798,MmCows,3,3,3,3,3,3,3
104909,MmCows,3,3,3,3,3,3,3
105010,MmCows,3,3,3,3,3,3,3
105149,MmCows,3,3,3,3,3,3,3
105279,MmCows,4,4,4,4,4,4,4
105617,MmCows,1,4,4,4,4,4,4
105618,MmCows,1,1,1,1,1,1,1
105633,MmCows,1,4,4,4,4,4,4
105658,MmCows,4,4,4,4,4,4,4
106007,MmCows,3,3,3,3,3,3,3
106132,MmCows,3,3,3,3,3,3,3
106160,MmCows,3,3,3,3,3,3,3
106368,MmCows,4,4,4,4,4,4,4
106385,MmCows,4,4,4,4,4,4,4
106563,MmCows,4,4,4,4,4,4,4
106798,MmCows,4,4,4,4,4,4,4
106945,MmCows,4,4,4,4,4,4,4
106947,MmCows,4,4,4,4,4,4,5
107013,MmCows,5,4,4,4,4,4,4
107183,MmCows,3,3,3,3,3,3,3
107245,MmCows,3,3,3,3,3,3,3
107357,MmCows,3,3,3,3,3,3,3
107364,MmCows,3,3,3,3,3,3,3
107846,MmCows,1,1,1,1,1,1,1
107879,MmCows,1,1,1,1,1,1,1
108051,MmCows,4,5,5,5,4,4,5
108096,MmCows,4,5,5,5,5,5,5
108260,MmCows,3,3,3,3,3,3,3
108534,MmCows,4,5,5,5,5,5,5
108582,MmCows,4,5,5,5,5,5,5
108789,MmCows,4,0,0,0,0,0,0
108977,MmCows,4,4,4,4,4,4,4
109128,MmCows,4,4,4,4,4,4,4
109152,MmCows,4,4,4,4,4,4,4
109270,MmCows,4,4,4,4,4,4,4
109509,MmCows,3,3,3,3,3,3,3
109531,MmCows,3,3,3,3,3,3,3
109575,MmCows,3,3,3,3,3,3,3
109651,MmCows,3,3,3,3,3,3,3
109675,MmCows,3,3,3,3,3,3,3
109727,MmCows,3,3,3,3,3,3,3
109780,MmCows,3,3,3,3,3,3,3
109852,MmCows,3,3,3,3,3,3,3
110060,MmCows,1,5,5,5,4,4,5
110083,MmCows,2,4,1,4,4,4,4
110254,MmCows,4,4,4,4,5,5,5
110483,MmCows,1,4,4,4,4,4,4
110591,MmCows,2,4,4,4,4,4,4
110711,MmCows,3,3,3,3,3,3,3
110903,MmCows,3,3,3,3,3,3,3
111240,MmCows,3,3,3,3,3,3,3
111246,MmCows,3,3,3,3,3,3,3
111463,MmCows,3,3,3,3,3,3,3
111499,MmCows,3,3,3,3,3,3,3
111611,MmCows,3,3,3,3,3,3,3
111762,MmCows,3,3,3,3,3,3,3
111783,MmCows,3,3,3,3,3,3,3
111791,MmCows,3,3,3,3,3,3,3
111947,MmCows,3,3,3,3,3,3,3
112108,MmCows,3,3,3,3,3,3,3
112129,MmCows,3,3,3,3,3,3,3
112173,MmCows,3,3,3,3,3,3,3
112397,MmCows,4,4,4,4,4,4,4
112499,MmCows,4,4,4,4,4,4,4
112584,MmCows,5,5,5,4,5,5,5
112611,MmCows,0,0,0,0,0,0,0
112816,MmCows,2,2,2,2,2,2,2
112958,MmCows,4,4,4,5,4,4,4
113050,MmCows,1,2,2,2,5,5,5
113108,MmCows,1,1,1,1,2,2,2
113144,MmCows,1,1,1,1,1,1,1
113324,MmCows,4,1,1,2,2,2,4
113487,MmCows,4,3,3,3,3,3,3
113495,MmCows,4,4,4,4,4,4,4
113875,MmCows,4,4,4,4,4,4,4
114006,MmCows,4,4,4,4,4,4,4
114030,MmCows,4,4,4,4,4,4,4
114176,MmCows,4,4,4,4,4,4,4
114323,MmCows,1,2,2,2,2,2,2
114387,MmCows,1,1,1,1,1,1,1
114546,MmCows,2,4,4,4,4,4,4
114803,MmCows,4,4,4,4,0,0,0
114844,MmCows,4,4,4,4,4,4,4
115059,MmCows,3,3,3,3,3,3,3
115167,MmCows,3,3,3,3,3,3,3
115205,MmCows,3,3,3,3,3,3,3
115230,MmCows,3,3,3,3,3,3,3
115521,MmCows,3,3,3,3,3,3,3
115591,MmCows,3,3,3,3,3,3,3
115670,MmCows,3,3,3,3,3,3,3
115722,MmCows,3,3,3,3,3,3,3
115759,MmCows,3,3,3,3,3,3,3
115788,MmCows,3,3,3,3,3,3,3
116041,MmCows,4,4,4,4,4,4,4
116156,MmCows,4,4,4,4,4,4,4
116157,MmCows,4,4,4,4,4,4,4
116355,MmCows,4,4,4,4,4,4,4
116366,MmCows,4,4,4,4,4,4,4
116445,MmCows,4,4,4,4,4,4,4
116703,MmCows,3,3,3,3,3,3,3
116724,MmCows,3,3,3,3,4,4,4
117222,MmCows,4,4,4,4,4,4,4
117577,MmCows,1,1,1,1,1,1,1
117792,MmCows,2,5,5,5,5,5,5
117921,MmCows,1,4,4,1,4,4,4
117942,MmCows,1,1,1,1,5,5,1
118233,MmCows,1,2,2,2,1,1,1
118413,MmCows,2,2,2,2,2,2,2
118430,MmCows,1,1,1,1,1,1,1
118569,MmCows,1,1,1,1,1,1,1
118697,MmCows,4,0,0,0,0,0,0
118766,MmCows,4,4,4,4,4,4,4
119094,MmCows,4,5,5,5,5,5,5
119213,MmCows,4,4,4,4,4,4,4
119260,MmCows,4,5,5,5,5,5,5
119307,MmCows,4,4,4,4,5,5,4
119389,MmCows,3,3,3,3,3,3,3
119586,MmCows,3,3,3,3,3,3,3
119751,MmCows,3,3,3,3,3,3,3
119803,MmCows,3,3,3,3,3,3,3
119935,MmCows,3,3,3,3,3,3,3
120084,MmCows,3,3,3,3,3,3,3
120194,MmCows,3,3,3,3,3,3,3
120278,MmCows,3,3,3,3,3,3,3
120297,MmCows,3,3,3,3,3,3,3
120680,MmCows,3,3,3,3,3,3,3
120729,MmCows,3,3,3,3,3,3,3
120743,MmCows,3,3,3,3,3,3,3
120778,MmCows,3,3,3,3,3,3,3
120835,MmCows,3,3,3,3,3,3,3
120977,MmCows,1,1,1,1,5,5,5
121007,MmCows,1,1,1,1,1,1,1
121055,MmCows,2,0,0,0,4,4,4
121212,MmCows,1,2,2,2,2,2,2
121283,MmCows,4,0,0,0,0,0,0
121359,MmCows,2,4,4,4,4,4,4
121463,MmCows,1,4,4,4,1,1,1
121710,MmCows,1,1,1,1,1,1,1
121785,MmCows,1,1,1,1,1,1,1
121914,MmCows,1,1,1,1,1,1,1
122058,MmCows,4,4,4,4,4,4,4
122129,MmCows,4,4,4,4,4,4,4
122133,MmCows,4,4,4,4,4,4,4
122164,MmCows,4,5,5,5,2,2,2
122166,MmCows,4,4,4,4,4,4,4
122183,MmCows,4,5,5,5,4,4,5
122299,MmCows,4,4,4,4,2,2,2
122580,MmCows,4,4,4,4,4,4,4
122617,MmCows,4,5,5,5,4,4,4
122760,MmCows,3,3,3,3,3,3,3
123106,MmCows,3,3,3,3,3,3,3
123155,MmCows,3,3,3,3,3,3,3
123206,MmCows,3,3,3,3,3,3,3
123242,MmCows,3,3,3,3,3,3,3
123338,MmCows,4,4,4,4,4,4,4
123361,MmCows,1,2,2,2,4,4,2
123402,MmCows,1,4,4,4,4,4,4
123480,MmCows,1,1,1,1,4,4,1
123791,MmCows,3,3,3,3,3,3,3
123874,MmCows,3,3,3,3,3,3,3
124156,MmCows,3,3,3,3,3,3,3
124220,MmCows,4,4,4,4,4,4,4
124229,MmCows,4,4,4,4,4,4,4
124262,MmCows,4,4,4,4,4,4,5
124334,MmCows,4,4,4,4,4,4,4
124363,MmCows,4,4,4,4,4,4,4
124409,MmCows,4,4,4,4,4,4,4
124585,MmCows,3,3,3,3,3,3,3
124588,MmCows,3,3,3,3,3,3,3
124709,MmCows,3,3,3,3,3,3,3
124721,MmCows,3,3,3,3,3,3,3
124768,MmCows,3,3,3,3,3,3,3
124918,MmCows,3,3,3,3,3,3,3
124958,MmCows,4,4,4,4,4,4,4
124982,MmCows,4,4,4,4,4,4,4
125317,MmCows,1,1,1,1,1,1,1
125358,MmCows,1,1,1,1,1,1,1
125428,MmCows,0,4,4,4,4,4,4
125458,MmCows,4,0,0,0,4,4,0
125581,MmCows,4,0,0,0,0,0,0
125629,MmCows,4,0,0,0,0,0,0
125666,MmCows,4,4,4,4,4,4,4
125897,MmCows,4,4,4,4,4,4,4
125906,MmCows,4,4,4,4,4,4,4
125993,MmCows,4,4,4,4,4,4,4
126371,MmCows,3,3,3,3,3,3,3
126379,MmCows,3,3,3,3,3,3,3
126453,MmCows,3,3,3,3,3,3,3
126485,MmCows,3,3,3,3,3,3,3
126706,MmCows,3,3,3,3,3,3,3
126875,MmCows,3,3,3,3,3,3,3
126959,MmCows,3,3,3,3,3,3,3
127028,MmCows,3,3,3,3,3,3,3
127073,MmCows,3,3,3,3,3,3,3
127146,MmCows,3,3,3,3,3,3,3
127270,MmCows,4,4,4,4,4,4,4
127441,MmCows,2,2,2,2,2,2,2
127479,MmCows,1,1,1,1,1,1,1
128036,MmCows,4,4,4,4,4,4,4
128503,MmCows,3,3,3,3,3,3,3
128526,MmCows,3,3,3,3,3,3,3
128570,MmCows,3,3,3,3,3,3,3
128766,MmCows,3,3,3,3,3,3,3
128776,MmCows,3,3,3,3,3,3,3
128903,MmCows,3,3,3,3,3,3,3
128931,MmCows,3,3,3,3,3,3,3
128962,MmCows,3,3,3,3,3,3,3
128983,MmCows,3,3,3,3,3,3,3
129038,MmCows,3,3,3,3,3,3,3
129184,MmCows,0,0,0,0,0,0,0
129199,MmCows,0,0,0,0,0,0,0
129574,MmCows,1,4,4,4,4,4,4
129590,MmCows,1,4,4,4,4,4,4
129607,MmCows,5,4,4,4,4,4,4
129745,MmCows,1,2,2,1,2,2,2
130440,MmCows,4,4,4,4,4,4,4
130501,MmCows,4,4,4,4,4,4,4
130545,MmCows,4,4,4,4,4,4,4
130569,MmCows,4,4,4,4,4,4,4
130604,MmCows,4,4,4,4,4,4,4
130673,MmCows,4,4,4,4,4,4,4
130699,MmCows,4,4,4,4,4,4,4
130740,MmCows,4,4,4,4,4,4,4
130752,MmCows,4,4,4,4,4,4,4
130791,MmCows,4,4,4,4,4,4,4
130964,MmCows,3,3,3,3,3,3,3
131174,MmCows,3,3,3,3,3,3,3
131181,MmCows,3,3,3,3,3,3,3
131186,MmCows,3,3,3,3,3,3,3
131447,MmCows,3,3,3,3,3,3,3
131486,MmCows,3,3,3,3,3,3,3
131967,MmCows,3,3,3,3,3,3,3
132021,MmCows,3,3,3,3,3,3,3
132044,MmCows,3,3,3,3,3,3,3
132239,MmCows,4,4,4,4,4,4,4
132269,MmCows,4,4,4,4,4,4,4
132324,MmCows,4,4,4,4,4,4,4
132544,MmCows,3,3,3,3,3,3,3
132551,MmCows,3,3,3,3,3,3,3
132562,MmCows,3,3,3,3,3,3,3
132587,MmCows,3,3,3,3,3,3,3
132634,MmCows,3,3,3,3,3,3,3
132674,MmCows,3,3,3,3,3,3,3
132741,MmCows,3,3,3,3,3,3,3
132826,MmCows,3,3,3,3,3,3,3
132833,MmCows,3,3,3,3,3,3,3
132940,MmCows,3,3,3,3,3,3,3
132955,MmCows,3,3,3,3,3,3,3
133152,MmCows,3,3,3,3,3,3,3
133367,MmCows,4,4,4,4,4,4,4
133535,MmCows,4,4,4,4,4,4,4
133563,MmCows,4,4,4,4,4,4,4
133614,MmCows,4,4,4,4,4,4,4
133692,MmCows,4,4,4,4,4,4,4
133783,MmCows,5,4,4,4,4,4,4
133816,MmCows,4,4,4,4,3,3,3
134042,MmCows,4,4,4,4,4,4,4
134053,MmCows,4,4,4,4,4,4,4
134247,MmCows,4,5,5,5,5,5,5
134383,MmCows,3,3,3,3,3,3,3
134404,MmCows,3,3,3,3,3,3,3
134445,MmCows,3,3,3,3,3,3,3
134510,MmCows,3,3,3,3,3,3,3
134576,MmCows,3,3,3,3,3,3,3
134722,MmCows,3,3,3,3,3,3,3
134771,MmCows,3,3,3,3,3,3,3
134832,MmCows,3,3,3,3,3,3,3
134911,MmCows,3,3,3,3,3,3,3
135039,MmCows,3,3,3,3,3,3,3
135137,MmCows,3,3,3,3,3,3,3
135292,MmCows,2,4,4,4,4,4,4
135298,MmCows,2,2,2,2,2,2,2
135524,MmCows,4,5,5,4,5,5,5
135588,MmCows,4,5,5,5,5,5,4
135668,MmCows,2,2,2,2,2,2,2
136009,MmCows,4,4,4,4,4,4,4
136098,MmCows,4,4,4,4,4,4,4
136476,MmCows,3,3,3,3,3,3,3
136508,MmCows,3,3,3,3,3,3,3
136514,MmCows,3,3,3,3,3,3,3
136564,MmCows,3,3,3,3,3,3,3
136686,MmCows,3,3,3,3,3,3,3
136789,MmCows,3,3,3,3,3,3,3
137022,MmCows,3,3,3,3,3,3,3
137508,MmCows,3,3,3,3,3,3,3
137574,MmCows,3,3,3,3,3,3,3
137727,MmCows,3,3,3,3,3,3,3
137977,MmCows,3,3,3,3,3,3,3
138008,MmCows,3,3,3,3,3,3,3
138036,MmCows,4,4,4,4,4,4,4
138047,MmCows,4,4,4,4,5,5,5
138048,MmCows,3,3,3,3,3,3,3
138131,MmCows,3,3,3,3,3,3,3
138215,MmCows,3,3,3,3,3,3,3
138237,MmCows,3,3,3,3,3,3,3
138253,MmCows,3,3,3,3,3,3,3
138271,MmCows,3,3,3,3,3,3,3
138294,MmCows,3,3,3,3,3,3,3
138418,MmCows,3,3,3,3,3,3,3
138467,MmCows,3,3,3,3,3,3,3
138506,MmCows,3,3,3,3,3,3,3
138548,MmCows,3,3,3,3,3,3,3
138864,MmCows,3,3,3,3,3,3,3
138933,MmCows,4,4,4,4,4,4,4
139059,MmCows,0,0,0,0,0,0,0
139164,MmCows,2,2,2,2,2,2,2
139502,MmCows,4,5,5,5,4,4,5
139526,MmCows,4,4,4,4,4,4,4
139621,MmCows,1,2,2,2,2,2,2
139626,MmCows,1,1,1,1,1,1,1
139780,MmCows,4,4,4,4,4,4,4
139801,MmCows,3,3,3,3,3,3,3
139868,MmCows,3,3,3,3,3,3,3
139929,MmCows,3,3,3,3,3,3,3
140002,MmCows,3,3,3,3,3,3,3
140132,MmCows,3,3,3,3,3,3,3
140344,MmCows,4,4,4,4,4,4,4
140459,MmCows,4,4,4,4,4,4,4
140470,MmCows,4,4,4,4,4,4,4
140478,MmCows,4,4,4,4,4,4,4
140479,MmCows,4,4,4,4,4,4,4
140561,MmCows,4,4,4,4,4,4,4
140682,MmCows,3,3,3,3,3,3,3
140813,MmCows,4,4,4,4,4,4,4
140885,MmCows,1,5,5,2,2,2,2
140991,MmCows,3,3,3,3,3,3,3
141207,MmCows,3,3,3,3,3,3,3
141269,MmCows,3,3,3,3,3,3,3
141405,MmCows,3,3,3,3,3,3,3
141455,MmCows,3,3,3,3,3,3,3
141532,MmCows,4,4,4,4,4,4,4
141610,MmCows,4,4,4,4,4,4,4
141647,MmCows,4,4,4,4,5,5,5
141770,MmCows,3,3,3,3,3,3,3
141837,MmCows,3,3,3,3,3,3,3
141842,MmCows,3,3,3,3,3,3,3
141932,MmCows,3,3,3,3,3,3,3
142009,MmCows,3,3,3,3,3,3,3
142328,MmCows,3,3,3,3,3,3,3
142343,MmCows,3,3,3,3,3,3,3
142352,MmCows,3,3,3,3,3,3,3
142382,MmCows,3,3,3,3,3,3,3
142422,MmCows,3,3,3,3,3,3,3
142438,MmCows,4,4,4,4,4,4,4
142469,MmCows,4,4,4,4,4,4,4
142518,MmCows,4,4,4,4,4,4,4
142562,MmCows,1,1,1,2,1,1,2
142725,MmCows,2,1,1,1,2,2,2
143071,MmCows,3,3,3,3,3,3,3
143471,MmCows,3,3,3,3,3,3,3
143618,MmCows,3,3,3,3,3,3,3
143649,MmCows,3,3,3,3,3,3,3
143838,MmCows,3,3,3,3,3,3,3
143875,MmCows,3,3,3,3,3,3,3
144067,MmCows,4,4,4,4,4,4,4
144113,MmCows,4,4,4,4,4,4,4
144256,MmCows,0,0,0,0,4,4,4
144384,MmCows,2,2,2,2,2,2,2
144469,MmCows,2,5,5,5,5,5,5
144476,MmCows,2,2,2,2,2,2,2
144585,MmCows,4,5,5,5,5,5,5
144593,MmCows,4,4,4,4,4,4,4
144623,MmCows,3,3,3,3,3,3,3
144816,MmCows,3,3,3,3,3,3,3
145334,MmCows,2,4,4,4,2,2,2
145469,MmCows,1,1,1,1,1,1,1
145560,MmCows,1,4,4,4,4,4,4
145606,MmCows,1,1,1,1,1,1,1
145615,MmCows,2,4,4,4,4,4,4
145668,MmCows,2,4,4,4,4,4,4
145837,MmCows,2,4,4,4,4,4,4
145975,MmCows,2,2,2,2,2,2,2
145999,MmCows,1,4,4,1,1,1,1
146078,MmCows,1,4,4,4,4,4,4
146146,MmCows,2,2,2,2,2,2,2
146207,MmCows,2,4,4,4,4,4,4
146379,MmCows,4,4,4,4,4,4,4
146449,MmCows,4,4,4,4,4,4,4
146596,MmCows,4,4,4,4,4,4,4
146602,MmCows,4,4,4,4,4,4,4
146839,MmCows,4,4,4,4,4,4,4
146959,MmCows,4,4,4,4,4,4,4
146988,MmCows,3,3,3,3,3,3,3
146998,MmCows,3,3,3,3,3,3,3
147006,MmCows,3,3,3,3,3,3,3
147026,MmCows,3,3,3,3,3,3,3
147071,MmCows,3,3,3,3,3,3,3
147115,MmCows,3,3,3,3,3,3,3
147123,MmCows,3,3,3,3,3,3,3
147156,MmCows,3,3,3,3,3,3,3
147389,MmCows,3,3,3,3,3,3,3
147417,MmCows,3,3,3,3,3,3,3
147589,MmCows,3,3,3,3,3,3,3
147694,MmCows,3,3,3,3,3,3,3
147744,MmCows,3,3,3,3,3,3,3
147751,MmCows,3,3,3,3,3,3,3
147752,MmCows,3,3,3,3,3,3,3
147758,MmCows,3,3,3,3,3,3,3
147802,MmCows,3,3,3,3,3,3,3
147810,MmCows,3,3,3,3,3,3,3
147920,MmCows,4,4,4,4,4,4,4
147969,MmCows,4,4,4,4,4,4,4
148100,MmCows,4,4,4,4,4,4,4
148171,MmCows,4,4,4,4,4,4,4
148221,MmCows,4,4,4,4,4,4,4
148222,MmCows,4,4,4,4,4,4,4
148223,MmCows,4,4,4,4,4,4,4
148539,MmCows,1,5,5,5,5,5,5
148641,MmCows,4,4,4,4,4,4,4
148751,MmCows,4,4,4,4,4,4,4
148813,MmCows,4,4,4,4,4,4,4
148957,MmCows,4,4,4,4,4,4,4
149053,MmCows,4,4,4,4,4,4,4
149059,MmCows,4,4,4,4,4,4,4
149163,MmCows,4,4,4,4,4,4,4
149200,MmCows,4,4,4,4,4,4,4
149302,MmCows,4,4,4,4,4,4,4
149322,MmCows,4,4,4,4,4,4,4
149557,MmCows,4,4,4,4,4,4,4
149558,MmCows,4,4,4,4,4,4,4
149747,MmCows,4,4,4,4,4,4,4
149809,MmCows,4,4,4,4,4,4,4
149957,MmCows,4,4,4,4,4,4,4
150029,MmCows,4,4,4,4,3,3,1
150044,MmCows,1,4,4,4,4,4,4
150124,MmCows,2,2,2,2,2,2,2
150125,MmCows,2,2,2,2,2,2,2
150252,MmCows,2,2,2,2,2,2,2
150429,MmCows,1,1,1,1,1,1,1
150497,MmCows,4,4,4,0,5,5,4
150603,MmCows,4,4,4,4,4,4,4
150613,MmCows,4,4,4,4,4,4,4
150677,MmCows,4,4,4,4,4,4,4
150678,MmCows,4,4,4,4,4,4,4
150683,MmCows,4,4,4,4,4,4,4
150711,MmCows,4,4,4,4,4,4,4
150712,MmCows,4,4,4,4,4,4,4
150724,MmCows,4,4,4,4,4,4,4
150765,MmCows,4,4,4,4,4,4,4
150827,MmCows,4,4,4,4,4,4,4
150903,MmCows,4,4,4,4,4,4,4
150949,MmCows,3,3,3,3,3,3,3
151177,MmCows,3,3,3,3,3,3,3
151271,MmCows,3,3,3,3,3,3,3
151320,MmCows,3,3,3,3,3,3,3
151364,MmCows,3,3,3,3,3,3,3
151464,MmCows,3,3,3,3,3,3,3
151639,MmCows,3,3,3,3,3,3,3
151700,MmCows,3,3,3,3,3,3,3
151711,MmCows,3,3,3,3,3,3,3
151750,MmCows,3,3,3,3,3,3,3
151824,MmCows,3,3,3,3,3,3,3
151831,MmCows,3,3,3,3,3,3,3
152031,MmCows,3,3,3,3,3,3,3
152106,MmCows,3,3,3,3,3,3,3
152159,MmCows,3,3,3,3,3,3,3
152316,MmCows,4,4,4,4,4,4,4
152323,MmCows,3,3,3,3,3,3,3
152400,MmCows,4,4,4,4,4,4,4
152452,MmCows,4,4,4,4,4,4,4
152561,MmCows,4,4,4,4,4,4,4
152775,MmCows,2,4,4,4,2,2,2
152800,MmCows,2,2,2,2,4,4,4
153198,MmCows,2,1,1,1,1,1,1
153467,MmCows,4,4,4,4,4,4,4
153675,MmCows,4,4,4,4,4,4,4
153700,MmCows,4,4,4,4,4,4,4
153718,MmCows,4,4,4,4,4,4,4
153740,MmCows,4,4,4,4,4,4,4
153829,MmCows,4,4,4,4,4,4,4
153888,MmCows,4,4,4,4,4,4,4
154198,MmCows,4,4,4,4,4,4,4
154298,MmCows,4,4,4,4,4,4,4
154462,MmCows,5,5,5,5,5,5,5
154487,MmCows,4,4,4,4,4,4,4
154565,MmCows,4,4,4,4,4,4,4
154577,MmCows,4,4,4,4,4,4,4
154660,MmCows,3,3,3,3,3,3,3
154714,MmCows,3,3,3,3,3,3,3
154750,MmCows,3,3,3,3,3,3,3
154987,MmCows,3,3,3,3,3,3,3
155064,MmCows,3,3,3,3,3,3,3
155193,MmCows,3,3,3,3,3,3,3
155263,MmCows,3,3,3,3,3,3,3
155409,MmCows,3,3,3,3,3,3,3
155489,MmCows,3,3,3,3,3,3,3
155640,MmCows,4,4,4,4,4,4,4
155645,MmCows,4,4,4,4,4,4,4
155670,MmCows,4,4,4,4,4,4,4
155718,MmCows,4,4,4,4,4,4,4
155838,MmCows,4,4,4,4,4,4,4
155964,MmCows,2,5,5,5,4,4,5
156057,MmCows,2,4,4,4,5,5,5
156077,MmCows,1,1,1,1,1,1,1
156115,MmCows,1,4,4,4,4,4,4
156274,MmCows,1,1,1,1,1,1,1
156369,MmCows,2,2,2,2,2,2,2
156406,MmCows,2,2,2,2,2,2,2
156665,MmCows,1,1,1,1,1,1,1
156750,MmCows,1,1,1,1,1,1,1
156761,MmCows,2,2,2,2,2,2,2
156791,MmCows,2,2,2,2,2,2,2
156870,MmCows,1,4,4,4,4,4,4
157052,MmCows,4,4,4,4,4,4,4
157111,MmCows,4,4,4,4,4,4,4
157200,MmCows,4,4,4,4,4,4,4
157246,MmCows,4,4,4,4,4,4,4
157537,MmCows,4,4,4,4,4,4,4
157649,MmCows,4,4,4,4,4,4,4
157904,MmCows,4,4,4,4,4,4,4
157972,MmCows,4,4,4,4,4,4,4
158128,MmCows,4,3,3,3,3,3,3
158162,MmCows,4,3,3,3,3,3,3
158232,MmCows,4,3,3,3,3,3,3
158295,MmCows,4,3,3,3,3,3,3
158296,MmCows,4,3,3,3,3,3,3
158436,MmCows,4,4,4,4,4,4,4
158563,MmCows,4,4,4,4,4,4,4
158571,MmCows,4,4,4,4,4,4,4
158613,MmCows,4,0,0,0,0,0,0
158631,MmCows,4,5,5,5,4,4,4
158808,MmCows,1,4,4,4,4,4,4
158835,MmCows,2,4,4,4,4,4,4
159036,MmCows,2,2,2,2,2,2,2
159204,MmCows,4,4,4,4,4,4,4
159291,MmCows,4,4,4,4,4,4,4
159316,MmCows,4,4,4,4,4,4,4
159451,MmCows,4,4,4,4,4,4,4
159464,MmCows,3,3,3,3,3,3,3
159758,MmCows,3,3,3,3,3,3,3
159816,MmCows,3,4,4,3,3,3,3
159855,MmCows,3,3,3,3,3,3,3
159918,MmCows,3,3,3,3,3,3,3
160119,MmCows,4,4,4,4,4,4,4
160125,MmCows,4,4,4,4,4,4,4
160148,MmCows,1,4,4,4,2,2,4
160176,MmCows,1,1,1,1,1,1,1
160362,MmCows,4,4,4,4,4,4,4
160413,MmCows,5,5,5,5,5,5,5
160839,MmCows,2,2,2,2,2,2,2
160945,MmCows,4,4,4,4,4,4,4
161086,MmCows,2,2,2,2,2,2,2
161101,MmCows,2,4,4,4,4,4,4
161127,MmCows,4,4,4,4,4,4,4
161182,MmCows,4,4,4,4,4,4,4
161427,MmCows,3,3,3,3,3,3,3
161497,MmCows,3,4,4,4,4,4,4
161701,MmCows,4,4,4,4,4,4,4
161765,MmCows,5,5,5,5,5,5,5
161789,MmCows,4,4,4,4,5,5,5
161823,MmCows,4,4,4,4,4,4,4
161847,MmCows,4,4,4,4,3,3,3
161911,MmCows,4,4,4,4,4,4,4
162069,MmCows,4,4,4,4,4,4,4
162141,MmCows,4,4,4,4,4,4,4
162359,MmCows,3,3,3,3,3,3,3
162395,MmCows,3,3,3,3,3,3,3
162423,MmCows,3,3,3,3,3,3,3
162886,MmCows,3,4,4,4,4,4,4
162961,MmCows,3,3,3,3,3,3,3
162982,MmCows,3,3,3,3,3,3,3
163048,MmCows,3,3,3,3,3,3,3
163111,MmCows,3,3,3,3,3,3,3
163118,MmCows,3,3,3,3,3,3,3
163159,MmCows,3,3,3,3,3,3,3
163190,MmCows,3,3,3,3,3,3,3
163293,MmCows,3,3,3,3,3,3,3
163738,MmCows,1,0,0,5,0,0,0
164126,MmCows,3,3,3,3,3,3,3
164130,MmCows,3,3,3,3,3,3,3
164385,MmCows,3,3,3,3,3,3,3
164534,MmCows,3,3,3,3,3,3,3
164638,MmCows,3,3,3,3,3,3,3
164639,MmCows,3,3,3,3,3,3,3
164640,MmCows,3,3,3,3,3,3,3
164969,MmCows,4,4,4,4,4,4,4
165175,MmCows,3,3,3,3,3,3,3
165380,MmCows,3,3,3,3,3,3,3
165752,MmCows,4,4,4,4,4,4,4
165789,MmCows,4,4,4,4,4,4,4
165935,MmCows,3,3,3,3,3,3,3
166008,MmCows,3,3,3,3,3,3,3
166244,MmCows,3,3,3,3,3,3,3
166324,MmCows,3,3,3,3,3,3,3
166334,MmCows,3,3,3,3,3,3,3
166658,MmCows,3,3,3,3,3,3,3
166687,MmCows,3,3,3,3,3,3,3
167050,MmCows,2,2,2,2,2,2,2
167082,MmCows,2,2,2,4,2,2,2
167129,MmCows,1,1,1,1,1,1,1
167151,MmCows,1,2,2,2,2,2,2
167184,MmCows,2,2,2,2,2,2,2
167185,MmCows,2,2,2,2,2,2,2
167194,MmCows,1,1,1,1,2,2,2
167346,MmCows,1,1,1,1,2,2,2
167611,MmCows,1,1,1,1,1,1,1
167735,MmCows,0,4,4,0,0,0,0
167825,MmCows,2,2,2,2,2,2,2
168249,MmCows,3,3,3,3,3,3,3
168336,MmCows,3,3,3,3,3,3,3
168342,MmCows,3,3,3,3,3,3,3
169133,MmCows,5,4,4,5,4,4,5
169232,MmCows,3,3,3,3,3,3,3
169253,MmCows,3,3,3,3,3,3,3
169436,MmCows,3,3,3,3,3,3,3
169534,MmCows,3,3,3,3,3,3,3
169606,MmCows,3,3,3,3,3,3,3
169651,MmCows,3,3,3,3,3,3,3
169681,MmCows,3,3,3,3,3,3,3
169710,MmCows,3,3,3,3,3,3,3
169722,MmCows,3,3,3,3,3,3,3
169802,MmCows,3,3,3,3,3,3,3
170231,MmCows,1,1,1,1,1,1,1
170237,MmCows,1,4,4,4,4,4,4
170251,MmCows,2,2,2,2,2,2,2
170271,MmCows,1,4,4,4,5,5,5
170655,MmCows,1,4,4,4,4,4,4
170729,MmCows,5,5,5,5,5,5,5
170740,MmCows,1,1,1,1,2,2,2
170758,MmCows,5,5,5,5,5,5,5
170816,MmCows,5,4,4,4,4,4,4
170880,MmCows,3,3,3,3,3,3,3
170885,MmCows,3,3,3,3,3,3,3
170989,MmCows,3,3,3,3,3,3,3
171014,MmCows,3,3,3,3,3,3,3
171017,MmCows,3,3,3,3,3,3,3
171254,MmCows,3,3,3,3,3,3,3
171288,MmCows,3,3,3,3,3,3,3
171434,MmCows,3,3,3,3,3,3,3
171551,MmCows,4,4,4,4,4,4,4
171654,MmCows,2,1,1,1,1,1,1
171704,MmCows,2,4,4,4,4,4,4
171731,MmCows,2,2,2,1,1,1,2
172024,MmCows,4,4,4,4,4,4,4
172036,MmCows,4,4,4,4,4,4,4
172127,MmCows,4,4,4,4,4,4,4
172141,MmCows,4,4,4,4,4,4,4
172171,MmCows,4,4,4,4,4,4,4
172229,MmCows,4,4,4,4,4,4,4
172235,MmCows,4,4,4,4,4,4,4
172260,MmCows,4,4,4,4,4,4,4
172370,MmCows,3,3,3,3,3,3,3
172378,MmCows,3,3,3,3,3,3,3
172402,MmCows,3,3,3,3,3,3,3
172444,MmCows,3,3,3,3,3,3,3
172586,MmCows,3,3,3,3,3,3,3
172789,MmCows,3,3,3,3,3,3,3
172898,MmCows,4,4,4,4,4,4,4
172910,MmCows,4,4,4,4,4,4,4
173316,MmCows,3,3,3,3,3,3,3
173334,MmCows,3,3,3,3,3,3,3
173372,MmCows,3,3,3,3,3,3,3
173380,MmCows,3,3,3,3,3,3,3
173439,MmCows,3,3,3,3,3,3,3
173508,MmCows,3,3,3,3,3,3,3
173544,MmCows,3,3,3,3,3,3,3
173569,MmCows,3,3,3,3,3,3,3
173761,MmCows,3,3,3,3,3,3,3
173818,MmCows,3,3,3,3,3,3,3
173965,MmCows,4,4,4,4,4,4,4
174149,MmCows,3,3,3,3,3,3,3
174206,MmCows,3,3,3,3,3,3,3
174340,MmCows,3,3,3,3,3,3,3
174425,MmCows,4,4,4,4,5,5,5
174461,MmCows,4,4,4,4,4,4,4
174467,MmCows,4,4,4,4,4,4,4
174483,MmCows,4,4,4,4,4,4,4
174567,MmCows,3,3,3,3,3,3,3
174624,MmCows,3,3,3,3,3,3,3
174733,MmCows,3,3,3,3,3,3,3
175044,MmCows,3,4,4,4,4,4,4
175190,MmCows,3,3,3,3,3,3,3
175229,MmCows,3,3,3,3,3,3,3
175447,MmCows,3,3,3,3,3,3,3
175719,MmCows,1,1,1,1,1,1,1
175769,MmCows,1,4,4,4,4,4,4
175891,MmCows,1,1,1,1,1,1,1
175908,MmCows,1,1,1,1,1,1,1
176004,MmCows,1,1,1,1,1,1,1
176020,MmCows,1,4,4,4,4,4,4
176079,MmCows,1,1,1,1,1,1,1
176179,MmCows,1,5,5,4,5,5,5
176301,MmCows,2,4,4,4,4,4,4
176356,MmCows,4,4,4,5,5,5,5
176388,MmCows,4,4,4,4,4,4,4
176393,MmCows,4,4,4,4,4,4,4
176421,MmCows,3,3,3,3,3,3,3
176462,MmCows,3,3,3,3,3,3,3
176600,MmCows,3,3,3,3,3,3,3
176775,MmCows,3,3,3,3,3,3,3
176846,MmCows,3,3,3,3,3,3,3
176903,MmCows,3,3,3,3,3,3,3
177083,MmCows,5,4,4,4,4,4,4
177190,MmCows,1,4,4,4,4,4,4
177293,MmCows,4,4,4,4,4,4,4
177374,MmCows,1,1,1,1,1,1,1
177382,MmCows,1,5,5,5,2,2,5
177397,MmCows,1,1,1,1,1,1,1
177460,MmCows,2,2,2,2,2,2,2
177556,MmCows,1,1,1,1,1,1,1
177773,MmCows,4,5,5,5,5,5,5
177985,MmCows,3,3,3,3,3,3,3
178293,MmCows,3,3,3,3,3,3,3
178526,MmCows,4,4,4,4,4,4,4
178593,MmCows,4,4,4,0,0,0,0
178639,MmCows,4,0,0,0,0,0,0
178653,MmCows,4,4,4,4,0,0,0
178714,MmCows,4,0,0,0,0,0,0
178747,MmCows,4,0,0,0,0,0,0
178785,MmCows,4,4,4,4,4,4,4
178873,MmCows,1,1,1,1,1,1,1
178913,MmCows,1,1,1,1,1,1,1
179038,MmCows,4,5,5,4,4,4,4
179212,MmCows,1,1,1,1,1,1,1
179394,MmCows,4,4,4,4,4,4,4
179535,MmCows,3,3,3,3,3,3,3
179622,MmCows,3,3,3,3,3,3,3
179784,MmCows,3,3,3,3,3,3,3
179951,MmCows,4,4,4,4,4,4,4
179982,MmCows,4,4,4,4,4,4,4
180181,MmCows,4,4,4,4,4,4,4
180437,MmCows,4,4,4,4,4,4,4
180574,MmCows,1,4,4,4,4,4,4
180655,MmCows,1,4,4,4,4,4,4
180724,MmCows,1,4,4,4,4,4,4
180873,MmCows,1,1,1,1,1,1,1
181001,MmCows,1,1,1,1,1,1,1
181119,MmCows,4,4,4,4,4,4,4
181124,MmCows,4,4,4,4,4,4,4
181233,MmCows,3,3,3,3,3,3,3
181281,MmCows,3,3,3,3,3,3,3
181333,MmCows,3,3,3,3,3,3,3
181604,MmCows,4,4,4,4,4,4,4
181627,MmCows,4,4,4,4,4,4,4
181858,MmCows,0,0,0,0,0,0,0
181864,MmCows,4,5,5,5,4,4,4
181930,MmCows,1,4,4,4,4,4,2
181961,MmCows,4,4,4,4,4,4,4
182002,MmCows,1,1,1,1,1,1,1
182181,MmCows,2,4,4,5,4,4,4
182325,MmCows,1,4,4,4,4,4,4
182429,MmCows,4,4,4,4,4,4,4
182826,MmCows,3,3,3,3,3,3,3
182921,MmCows,3,3,3,3,3,3,3
182935,MmCows,3,3,3,3,4,4,4
183077,MmCows,3,3,3,3,3,3,3
183166,MmCows,4,4,4,4,4,4,4
183173,MmCows,3,3,3,3,3,3,3
183283,MmCows,4,4,4,4,4,4,4
183285,MmCows,4,4,4,4,4,4,4
183331,MmCows,4,4,4,4,4,4,4
183535,MmCows,3,3,3,3,3,3,3
183634,MmCows,3,3,3,3,3,3,3
183686,MmCows,3,3,3,3,3,3,3
183693,MmCows,3,3,3,3,3,3,3
183708,MmCows,3,3,3,3,3,3,3
183712,MmCows,3,3,3,3,3,3,3
183783,MmCows,3,3,3,3,3,3,3
183858,MmCows,3,3,3,3,3,3,3
183926,MmCows,3,3,3,3,3,3,3
183929,MmCows,3,3,3,3,3,3,3
184000,MmCows,4,4,4,4,4,4,4
184170,MmCows,3,3,3,3,3,3,3
184404,MmCows,3,3,3,3,3,3,3
184412,MmCows,3,3,3,3,3,3,3
184434,MmCows,3,3,3,3,3,3,3
184581,MmCows,3,3,3,3,3,3,3
184673,MmCows,3,3,3,3,3,3,3
184919,MmCows,3,3,3,3,3,3,3
184938,MmCows,3,3,3,3,3,3,3
184942,MmCows,3,4,4,4,4,4,4
185147,MmCows,3,3,3,3,3,3,3
185218,MmCows,3,3,3,3,3,3,3
185362,MmCows,3,3,3,3,3,3,3
185423,MmCows,4,4,4,4,4,4,4
185543,MmCows,1,2,2,1,1,1,1
185590,MmCows,1,1,1,1,1,1,1
185702,MmCows,1,1,1,1,1,1,1
185933,MmCows,1,1,1,1,1,1,1
185962,MmCows,1,4,4,4,4,4,4
186018,MmCows,4,4,4,4,4,4,4
186200,MmCows,4,4,4,4,4,4,4
186264,MmCows,4,4,4,4,4,4,4
186484,MmCows,4,4,4,4,4,4,4
186669,MmCows,3,3,3,3,3,3,3
186758,MmCows,3,3,3,3,3,3,3
186914,MmCows,3,3,3,3,3,3,3
186919,MmCows,3,3,3,3,3,3,3
187139,MmCows,3,3,3,3,3,3,3
187159,MmCows,3,3,3,3,3,3,3
187450,MmCows,3,3,3,3,3,3,3
187698,MmCows,4,5,5,5,4,4,0
187775,MmCows,4,0,0,0,0,0,0
187843,MmCows,1,1,1,1,4,4,1
187870,MmCows,1,1,1,1,1,1,1
187927,MmCows,1,1,1,1,1,1,1
188093,MmCows,2,2,2,2,2,2,2
188465,MmCows,1,4,4,5,5,5,5
188550,MmCows,4,5,5,5,5,5,5
188581,MmCows,4,4,4,4,4,4,4
188636,MmCows,4,4,4,4,4,4,4
188652,MmCows,4,4,4,4,4,4,4
188715,MmCows,4,4,4,4,4,4,4
188812,MmCows,4,4,4,4,4,4,4
188978,MmCows,4,4,4,4,3,3,4
189057,MmCows,3,3,3,3,3,3,3
189128,MmCows,3,3,3,3,3,3,3
189354,MmCows,0,4,4,4,4,4,4
189634,MmCows,1,5,5,5,5,5,5
189749,MmCows,1,1,1,1,1,1,1
189810,MmCows,3,3,3,3,3,3,3
189813,MmCows,3,3,3,3,3,3,3
190278,MmCows,3,3,3,3,3,3,3
190453,MmCows,3,3,3,3,3,3,3
190455,MmCows,3,3,3,3,3,3,3
190687,MmCows,3,3,3,3,3,3,3
190984,MmCows,4,4,4,4,4,4,4
190986,MmCows,4,4,4,4,4,4,4
191062,MmCows,4,4,4,4,4,4,4
191115,MmCows,0,4,4,4,4,4,4
191174,MmCows,4,4,4,4,4,4,4
191275,MmCows,4,4,4,4,4,4,4
191408,MmCows,1,1,1,1,1,1,1
191443,MmCows,1,1,1,1,1,1,1
191465,MmCows,1,1,1,1,4,4,4
191475,MmCows,1,1,1,1,1,1,1
191483,MmCows,1,1,1,1,1,1,1
191484,MmCows,1,1,1,1,1,1,1
191580,MmCows,1,4,4,4,4,4,4
191641,MmCows,1,1,1,1,2,2,2
191716,MmCows,1,1,1,1,1,1,1
191803,MmCows,4,4,4,4,4,4,4
191952,MmCows,4,4,4,4,4,4,4
192012,MmCows,4,4,4,4,4,4,4
192174,MmCows,4,4,4,4,4,4,4
192467,MmCows,1,4,4,4,4,4,2
192501,MmCows,1,5,5,5,5,5,5
192578,MmCows,1,2,2,2,2,2,2
192587,MmCows,1,2,2,2,2,2,2
192596,MmCows,1,2,2,2,2,2,2
192649,MmCows,1,1,1,1,1,1,1
192665,MmCows,1,1,1,1,1,1,2
192764,MmCows,1,1,1,1,1,1,1
192791,MmCows,1,2,2,2,2,2,2
192890,MmCows,5,4,4,4,4,4,5
192912,MmCows,4,4,4,4,4,4,4
193174,MmCows,3,3,3,3,3,3,3
193187,MmCows,3,3,3,3,3,3,3
193821,MmCows,4,5,5,5,1,1,1
193860,MmCows,1,4,4,4,4,4,4
193937,MmCows,1,4,4,4,4,4,4
193970,MmCows,2,2,2,2,4,4,2
193997,MmCows,2,4,4,4,4,4,4
194224,MmCows,2,1,1,1,1,1,1
194308,MmCows,4,5,5,5,5,5,5
194328,MmCows,4,4,4,4,4,4,4
194712,MmCows,3,3,3,3,3,3,3
194787,MmCows,3,3,3,3,3,3,3
194989,MmCows,3,3,3,3,3,3,3
195014,MmCows,3,3,3,3,3,3,3
195076,MmCows,3,3,3,3,3,3,3
195241,MmCows,4,4,4,4,4,4,4
195267,MmCows,5,5,5,5,5,5,5
195337,MmCows,4,4,4,4,4,4,4
195343,MmCows,4,1,1,1,1,1,1
195365,MmCows,1,2,2,1,2,2,2
195390,MmCows,1,1,1,1,1,1,1
195568,MmCows,1,1,1,1,1,1,1
195585,MmCows,1,1,1,4,1,1,1
195710,MmCows,4,5,5,5,5,5,5
195740,MmCows,1,1,1,1,1,1,1
195970,MmCows,3,3,3,3,3,3,3
195984,MmCows,3,3,3,3,3,3,3
196751,MmCows,1,1,1,1,1,1,1
196905,MmCows,3,3,3,3,3,3,3
196958,MmCows,3,3,3,3,3,3,3
196989,MmCows,3,3,3,3,3,3,3
197002,MmCows,3,3,3,3,3,3,3
197192,MmCows,3,3,3,3,3,3,3
197293,MmCows,3,3,3,3,3,3,3
197337,MmCows,3,3,3,3,3,3,3
197389,MmCows,3,3,3,3,3,3,3
197412,MmCows,3,3,3,3,3,3,3
197441,MmCows,3,3,3,3,3,3,3
197449,MmCows,3,3,3,3,3,3,3
197552,MmCows,3,3,3,3,3,3,3
197577,MmCows,3,3,3,3,3,3,3
197613,MmCows,3,3,3,3,3,3,3
197721,MmCows,3,3,3,3,3,3,3
197736,MmCows,3,3,3,3,3,3,3
197810,MmCows,3,3,3,3,3,3,3
197973,MmCows,2,5,5,2,2,2,2
198031,MmCows,4,4,4,4,4,4,4
198199,MmCows,2,4,4,4,4,4,5
198249,MmCows,2,4,4,0,4,4,2
198484,MmCows,2,2,2,2,2,2,2
198604,MmCows,0,0,0,0,0,0,0
198718,MmCows,4,5,5,5,0,0,0
198789,MmCows,4,4,4,4,4,4,4
198814,MmCows,4,4,4,4,4,4,4
198874,MmCows,4,4,4,4,4,4,4
198899,MmCows,4,4,4,4,4,4,4
199005,MmCows,4,4,4,4,4,4,4
199069,MmCows,4,5,5,5,5,5,5
199113,MmCows,4,5,5,5,4,4,4
199140,MmCows,4,4,4,4,4,4,4
199167,MmCows,4,4,4,4,4,4,4
199207,MmCows,4,5,5,5,4,4,4
199237,MmCows,3,3,3,3,3,3,3
199264,MmCows,3,3,3,3,3,3,3
199394,MmCows,3,3,3,3,3,3,3
199447,MmCows,3,3,3,3,3,3,3
199484,MmCows,3,3,3,3,3,3,3
199514,MmCows,3,3,3,3,3,3,3
199589,MmCows,3,3,3,3,3,3,3
199712,MmCows,3,3,3,3,3,3,3
199804,MmCows,4,4,4,4,4,4,4
199835,MmCows,4,4,4,4,4,4,4
199942,MmCows,4,4,4,4,4,4,4
199958,MmCows,4,4,4,4,4,4,4
200031,MmCows,4,0,0,0,0,0,0
200051,MmCows,0,0,0,0,0,0,0
200205,MmCows,1,4,4,4,4,4,4
200348,MmCows,1,1,1,1,1,1,1
200566,MmCows,1,4,4,4,2,2,5
200702,MmCows,1,4,4,0,4,4,4
200727,MmCows,4,5,5,5,5,5,5
200820,MmCows,4,4,4,4,3,3,1
200902,MmCows,4,4,4,4,4,4,4
201138,MmCows,4,3,3,2,3,3,4
201312,MmCows,4,4,4,4,4,4,4
201466,MmCows,4,4,4,4,4,4,4
201576,MmCows,1,1,1,1,1,1,1
201610,MmCows,1,4,4,4,4,4,4
201719,MmCows,2,2,2,2,2,2,2
201726,MmCows,1,4,4,4,1,1,2
201738,MmCows,1,4,4,4,4,4,4
201780,MmCows,4,4,4,4,4,4,4
201904,MmCows,3,3,3,3,3,3,3
202242,MmCows,2,2,2,2,2,2,2
202284,MmCows,4,4,4,4,4,4,4
202316,MmCows,1,4,4,4,4,4,4
202393,MmCows,1,4,4,4,4,4,4
202398,MmCows,1,1,1,1,1,1,1
202568,MmCows,4,5,5,5,5,5,5
202647,MmCows,3,3,3,3,4,4,3
202766,MmCows,3,3,3,3,3,3,3
203163,MmCows,3,3,3,3,3,3,3
203213,MmCows,3,3,3,3,3,3,3
203252,MmCows,3,3,3,3,3,3,3
203258,MmCows,3,3,3,3,3,3,3
203288,MmCows,3,3,3,3,3,3,3
203353,MmCows,3,3,3,3,3,3,3
203469,MmCows,3,3,3,3,3,3,3
203492,MmCows,3,3,3,3,3,3,3
203562,MmCows,3,3,3,3,3,3,3
203700,MmCows,4,4,4,4,4,4,4
203849,MmCows,4,4,4,4,4,4,4
203855,MmCows,4,4,4,4,4,4,4
204124,MmCows,4,5,5,5,5,5,5
204216,MmCows,1,1,1,1,2,2,4
204312,MmCows,2,2,2,2,2,2,2
204489,MmCows,2,2,2,2,2,2,2
204590,MmCows,0,0,0,0,0,0,0
204645,MmCows,1,1,1,1,1,1,1
204767,MmCows,1,1,1,1,1,1,1
204856,MmCows,1,1,1,1,1,1,1
204858,MmCows,1,1,1,1,1,1,1
204923,MmCows,2,2,2,2,2,2,2
205033,MmCows,1,5,5,5,2,2,5
205084,MmCows,1,4,4,4,4,4,4
205269,MmCows,5,5,5,5,5,5,5
205318,MmCows,3,3,3,3,3,3,3
205529,MmCows,5,4,4,4,4,4,4
205555,MmCows,5,4,4,4,4,4,4
205973,MmCows,4,4,4,4,4,4,4
206236,MmCows,4,4,4,4,4,4,4
206283,MmCows,3,3,3,3,3,3,3
206325,MmCows,3,3,3,3,3,3,3
206389,MmCows,3,3,3,3,3,3,3
206397,MmCows,3,3,3,3,3,3,3
206577,MmCows,3,3,3,3,3,3,3
206929,MmCows,3,3,3,3,3,3,3
207029,MmCows,4,4,4,4,4,4,4
207154,MmCows,2,2,2,2,2,2,2
207417,MmCows,4,5,5,5,5,5,5
207533,MmCows,1,2,2,2,1,1,2
207545,MmCows,1,1,1,1,1,1,1
207555,MmCows,1,4,4,4,4,4,4
207564,MmCows,4,4,4,4,2,2,2
207620,MmCows,1,1,1,1,1,1,2
207720,MmCows,1,1,1,1,1,1,1
207772,MmCows,4,4,4,4,4,4,2
207837,MmCows,4,4,4,4,4,4,4
207962,MmCows,3,3,3,3,3,3,3
207975,MmCows,3,3,3,3,3,3,3
207992,MmCows,3,3,3,3,3,3,3
208043,MmCows,3,3,3,3,3,3,3
208051,MmCows,3,3,3,3,3,3,3
208217,MmCows,4,5,5,4,5,5,5
208265,MmCows,4,4,4,4,4,4,4
208452,MmCows,4,5,5,5,4,4,4
208740,MmCows,4,4,4,4,4,4,4
209179,MmCows,1,4,4,4,4,4,4
209218,MmCows,1,4,4,4,4,4,4
209271,MmCows,1,1,1,1,1,1,1
209284,MmCows,1,4,4,4,4,4,4
209450,MmCows,3,3,3,3,3,3,3
209495,MmCows,3,3,3,3,3,3,3
209575,MmCows,3,3,3,3,3,3,3
209735,MmCows,3,3,3,3,3,3,3
209741,MmCows,3,3,3,3,3,3,3
209969,PlayBehavior,6,6,6,6,6,6,6
209973,PlayBehavior,6,6,6,6,6,6,6
210121,PlayBehavior,6,6,6,6,6,6,6
210292,PlayBehavior,6,6,6,6,6,6,6
210384,PlayBehavior,6,6,6,6,6,6,6
210530,PlayBehavior,7,8,8,8,8,8,8
210861,PlayBehavior,7,7,7,7,7,7,7
210956,PlayBehavior,7,8,8,7,8,8,8
210966,PlayBehavior,7,6,6,6,6,6,6
211045,PlayBehavior,7,7,7,7,7,7,7
211087,PlayBehavior,8,8,8,8,8,8,8
211122,PlayBehavior,8,6,6,6,6,6,6
211170,PlayBehavior,8,8,8,7,8,8,8
211175,PlayBehavior,8,8,8,8,8,8,8
211231,PlayBehavior,8,6,6,6,6,6,6
211281,PlayBehavior,8,8,8,8,8,8,8
211337,PlayBehavior,8,8,8,8,8,8,8
211348,PlayBehavior,8,8,8,8,8,8,8
211651,PlayBehavior,8,8,8,7,8,8,8
